{"EventTime": "2020-05-01 23:19:50", "port": 60737, "Message": "The BITS service loaded the job list from disk.", "Opcode": "Info", "EventID": 306, "SourceModuleName": "eventlog", "tags": ["mordorDataset"], "@version": "1", "SourceName": "Microsoft-Windows-Bits-Client", "AccountType": "User", "host": "wec.internal.cloudapp.net", "Task": 0, "ThreadID": 2084, "EventReceivedTime": "2020-05-01 23:19:52", "Domain": "NT AUTHORITY", "Keywords": 4611686018427387904, "RecordNumber": 43, "SourceModuleType": "im_msvistalog", "@timestamp": "2020-05-02T03:20:00.678Z", "SeverityValue": 1, "Version": 0, "OpcodeValue": 0, "Severity": "DEBUG", "Channel": "Microsoft-Windows-Bits-Client/Operational", "AccountName": "SYSTEM", "EventType": "VERBOSE", "UserID": "S-1-5-18", "Hostname": "SCRANTON.dmevals.local", "ExecutionProcessID": 852, "ProviderGuid": "{EF1CC15B-46C1-414E-BB95-E76B077BD51E}"}