{"EventTime": "2020-05-01 23:19:16", "port": 60737, "Message": "Network profile changed on an interface.\r\n\r\nAdapter GUID:\t{3f54d943-1568-43bc-9fda-67da9ce27752}\r\nAdapter Name:\tethernet_32769\r\nOld Profile:\tNone\r\nNew Profile:\tDomain", "Opcode": "Info", "EventID": 2010, "SourceModuleName": "eventlog", "tags": ["mordorDataset"], "@version": "1", "InterfaceGuid": "{3f54d943-1568-43bc-9fda-67da9ce27752}", "NewProfile": "1", "SourceName": "Microsoft-Windows-Windows Firewall With Advanced Security", "AccountType": "Well Known Group", "host": "wec.internal.cloudapp.net", "Task": 0, "ThreadID": 2688, "InterfaceName": "ethernet_32769", "OldProfile": "2147483649", "EventReceivedTime": "2020-05-01 23:19:17", "Domain": "NT AUTHORITY", "Keywords": -9223372036854775808, "RecordNumber": 601, "SourceModuleType": "im_msvistalog", "@timestamp": "2020-05-02T03:19:17.706Z", "SeverityValue": 2, "Version": 0, "OpcodeValue": 0, "Severity": "INFO", "Channel": "Microsoft-Windows-Windows Firewall With Advanced Security/Firewall", "AccountName": "LOCAL SERVICE", "EventType": "INFO", "UserID": "S-1-5-19", "Hostname": "SCRANTON.dmevals.local", "ExecutionProcessID": 2244, "ProviderGuid": "{D1BC9AFF-2ABF-4D71-9146-ECB2A986EB85}"}
{"EventTime": "2020-05-01 23:19:17", "port": 60737, "Message": "A Windows Defender Firewall setting has changed.\r\n\r\nNew Setting:\r\n\tType:\tCurrent Profile\r\n\tValue:\tDomain\r\n\tModifying User:\tS-1-5-80-3088073201-1464728630-1879813800-1107566885-823218052\r\n\tModifying Application:\t", "Opcode": "Info", "EventID": 2002, "SourceModuleName": "eventlog", "tags": ["mordorDataset"], "@version": "1", "SettingValueSize": "4", "SourceName": "Microsoft-Windows-Windows Firewall With Advanced Security", "AccountType": "Well Known Group", "host": "wec.internal.cloudapp.net", "Task": 0, "ThreadID": 2688, "EventReceivedTime": "2020-05-01 23:19:17", "Domain": "NT AUTHORITY", "ModifyingUser": "S-1-5-80-3088073201-1464728630-1879813800-1107566885-823218052", "SettingValueDisplay": "Domain", "SettingValue": "01000000", "Keywords": -9223372036854775808, "RecordNumber": 602, "SourceModuleType": "im_msvistalog", "@timestamp": "2020-05-02T03:19:17.707Z", "SeverityValue": 2, "Version": 0, "OpcodeValue": 0, "Origin": "1", "Severity": "INFO", "Channel": "Microsoft-Windows-Windows Firewall With Advanced Security/Firewall", "AccountName": "LOCAL SERVICE", "EventType": "INFO", "UserID": "S-1-5-19", "SettingType": "2", "Hostname": "SCRANTON.dmevals.local", "ExecutionProcessID": 2244, "ProviderGuid": "{D1BC9AFF-2ABF-4D71-9146-ECB2A986EB85}"}
{"EventTime": "2020-05-01 23:20:43", "port": 60737, "Message": "A rule has been deleted in the Windows Defender Firewall exception list.\r\n\r\nDeleted Rule:\r\n\tRule ID:\t{92D00422-E84E-495F-ADF5-D647D6538702}\r\n\tRule Name:\tUsermode Font Driver Host\r\n\tModifying User:\tS-1-5-80-3088073201-1464728630-1879813800-1107566885-823218052\r\n\tModifying Application:\tC:\\windows\\System32\\svchost.exe", "Opcode": "Info", "EventID": 2006, "SourceModuleName": "eventlog", "tags": ["mordorDataset"], "@version": "1", "SourceName": "Microsoft-Windows-Windows Firewall With Advanced Security", "AccountType": "Well Known Group", "host": "wec.internal.cloudapp.net", "Task": 0, "ThreadID": 2640, "EventReceivedTime": "2020-05-01 23:20:45", "Domain": "NT AUTHORITY", "ModifyingUser": "S-1-5-80-3088073201-1464728630-1879813800-1107566885-823218052", "Keywords": -9223369837831520256, "RecordNumber": 603, "SourceModuleType": "im_msvistalog", "@timestamp": "2020-05-02T03:20:47.618Z", "RuleId": "{92D00422-E84E-495F-ADF5-D647D6538702}", "SeverityValue": 2, "Version": 0, "OpcodeValue": 0, "Severity": "INFO", "Channel": "Microsoft-Windows-Windows Firewall With Advanced Security/Firewall", "AccountName": "LOCAL SERVICE", "ModifyingApplication": "C:\\windows\\System32\\svchost.exe", "EventType": "INFO", "UserID": "S-1-5-19", "Hostname": "SCRANTON.dmevals.local", "RuleName": "Usermode Font Driver Host", "ExecutionProcessID": 2244, "ProviderGuid": "{D1BC9AFF-2ABF-4D71-9146-ECB2A986EB85}"}
{"EventTime": "2020-05-01 23:20:43", "port": 60737, "Message": "A rule has been deleted in the Windows Defender Firewall exception list.\r\n\r\nDeleted Rule:\r\n\tRule ID:\t{5ABAA156-747A-4F52-A95E-1B3425941B57}\r\n\tRule Name:\tUsermode Font Driver Host\r\n\tModifying User:\tS-1-5-80-3088073201-1464728630-1879813800-1107566885-823218052\r\n\tModifying Application:\tC:\\windows\\System32\\svchost.exe", "Opcode": "Info", "EventID": 2006, "SourceModuleName": "eventlog", "tags": ["mordorDataset"], "@version": "1", "SourceName": "Microsoft-Windows-Windows Firewall With Advanced Security", "AccountType": "Well Known Group", "host": "wec.internal.cloudapp.net", "Task": 0, "ThreadID": 2640, "EventReceivedTime": "2020-05-01 23:20:45", "Domain": "NT AUTHORITY", "ModifyingUser": "S-1-5-80-3088073201-1464728630-1879813800-1107566885-823218052", "Keywords": -9223369837831520256, "RecordNumber": 604, "SourceModuleType": "im_msvistalog", "@timestamp": "2020-05-02T03:20:47.618Z", "RuleId": "{5ABAA156-747A-4F52-A95E-1B3425941B57}", "SeverityValue": 2, "Version": 0, "OpcodeValue": 0, "Severity": "INFO", "Channel": "Microsoft-Windows-Windows Firewall With Advanced Security/Firewall", "AccountName": "LOCAL SERVICE", "ModifyingApplication": "C:\\windows\\System32\\svchost.exe", "EventType": "INFO", "UserID": "S-1-5-19", "Hostname": "SCRANTON.dmevals.local", "RuleName": "Usermode Font Driver Host", "ExecutionProcessID": 2244, "ProviderGuid": "{D1BC9AFF-2ABF-4D71-9146-ECB2A986EB85}"}
{"SourceModuleName": "eventlog", "@version": "1", "host": "wec.internal.cloudapp.net", "LocalOnlyMapped": "0", "Domain": "NT AUTHORITY", "Profiles": "2147483647", "LocalAddresses": "*", "SourceModuleType": "im_msvistalog", "@timestamp": "2020-05-02T03:20:47.619Z", "RuleId": "{01C8F61E-3057-461B-A9AF-CAFC17CE0280}", "SeverityValue": 2, "Origin": "1", "OpcodeValue": 0, "Severity": "INFO", "AccountName": "LOCAL SERVICE", "Protocol": "256", "RuleStatus": "65536", "Direction": "1", "LooseSourceMapped": "0", "ModifyingApplication": "C:\\windows\\System32\\svchost.exe", "EventType": "INFO", "UserID": "S-1-5-19", "SchemaVersion": "542", "Hostname": "SCRANTON.dmevals.local", "RuleName": "Usermode Font Driver Host", "Opcode": "Info", "ExecutionProcessID": 2244, "ProviderGuid": "{D1BC9AFF-2ABF-4D71-9146-ECB2A986EB85}", "port": 60737, "EdgeTraversal": "0", "EventID": 2004, "tags": ["mordorDataset"], "SourceName": "Microsoft-Windows-Windows Firewall With Advanced Security", "AccountType": "Well Known Group", "EmbeddedContext": "Usermode Font Driver Host", "Task": 0, "Flags": "1", "ThreadID": 2688, "SecurityOptions": "0", "EventReceivedTime": "2020-05-01 23:20:45", "ModifyingUser": "S-1-5-80-3088073201-1464728630-1879813800-1107566885-823218052", "RemoteAddresses": "*", "Keywords": -9223369837831520256, "RecordNumber": 605, "Version": 0, "Action": "2", "Channel": "Microsoft-Windows-Windows Firewall With Advanced Security/Firewall", "Active": "1", "Message": "A rule has been added to the Windows Defender Firewall exception list.\r\n\r\nAdded Rule:\r\n\tRule ID:\t{01C8F61E-3057-461B-A9AF-CAFC17CE0280}\r\n\tRule Name:\tUsermode Font Driver Host\r\n\tOrigin:\tLocal\r\n\tActive:\tYes\r\n\tDirection:\tInbound\r\n\tProfiles:\tPrivate,Domain, Public\r\n\tAction:\tBlock\r\n\tApplication Path:\t\r\n\tService Name:\t\r\n\tProtocol:\tAny\r\n\tSecurity Options:\tNone\r\n\tEdge Traversal:\tNone\r\n\tModifying User:\tS-1-5-80-3088073201-1464728630-1879813800-1107566885-823218052\r\n\tModifying Application:\tC:\\windows\\System32\\svchost.exe", "EventTime": "2020-05-01 23:20:43"}
{"SourceModuleName": "eventlog", "@version": "1", "host": "wec.internal.cloudapp.net", "LocalOnlyMapped": "0", "Domain": "NT AUTHORITY", "Profiles": "2147483647", "LocalAddresses": "*", "SourceModuleType": "im_msvistalog", "@timestamp": "2020-05-02T03:20:47.619Z", "RuleId": "{DFFED6D1-9D55-45FA-ABD4-9DCE8F9F9784}", "SeverityValue": 2, "Origin": "1", "OpcodeValue": 0, "Severity": "INFO", "AccountName": "LOCAL SERVICE", "Protocol": "256", "RuleStatus": "65536", "Direction": "2", "LooseSourceMapped": "0", "ModifyingApplication": "C:\\windows\\System32\\svchost.exe", "EventType": "INFO", "UserID": "S-1-5-19", "SchemaVersion": "542", "Hostname": "SCRANTON.dmevals.local", "RuleName": "Usermode Font Driver Host", "Opcode": "Info", "ExecutionProcessID": 2244, "ProviderGuid": "{D1BC9AFF-2ABF-4D71-9146-ECB2A986EB85}", "port": 60737, "EdgeTraversal": "0", "EventID": 2004, "tags": ["mordorDataset"], "SourceName": "Microsoft-Windows-Windows Firewall With Advanced Security", "AccountType": "Well Known Group", "EmbeddedContext": "Usermode Font Driver Host", "Task": 0, "Flags": "1", "ThreadID": 2688, "SecurityOptions": "0", "EventReceivedTime": "2020-05-01 23:20:45", "ModifyingUser": "S-1-5-80-3088073201-1464728630-1879813800-1107566885-823218052", "RemoteAddresses": "*", "Keywords": -9223369837831520256, "RecordNumber": 606, "Version": 0, "Action": "2", "Channel": "Microsoft-Windows-Windows Firewall With Advanced Security/Firewall", "Active": "1", "Message": "A rule has been added to the Windows Defender Firewall exception list.\r\n\r\nAdded Rule:\r\n\tRule ID:\t{DFFED6D1-9D55-45FA-ABD4-9DCE8F9F9784}\r\n\tRule Name:\tUsermode Font Driver Host\r\n\tOrigin:\tLocal\r\n\tActive:\tYes\r\n\tDirection:\tOutbound\r\n\tProfiles:\tPrivate,Domain, Public\r\n\tAction:\tBlock\r\n\tApplication Path:\t\r\n\tService Name:\t\r\n\tProtocol:\tAny\r\n\tSecurity Options:\tNone\r\n\tEdge Traversal:\tNone\r\n\tModifying User:\tS-1-5-80-3088073201-1464728630-1879813800-1107566885-823218052\r\n\tModifying Application:\tC:\\windows\\System32\\svchost.exe", "EventTime": "2020-05-01 23:20:43"}
{"SourceModuleName": "eventlog", "@version": "1", "host": "wec.internal.cloudapp.net", "LocalOnlyMapped": "0", "Domain": "NT AUTHORITY", "Profiles": "2147483647", "LocalAddresses": "*", "SourceModuleType": "im_msvistalog", "@timestamp": "2020-05-02T03:21:06.176Z", "RuleId": "{DDC5F8EB-EDE5-4649-B428-7C6ADB05960E}", "SeverityValue": 2, "Origin": "1", "OpcodeValue": 0, "Severity": "INFO", "AccountName": "LOCAL SERVICE", "Protocol": "256", "RuleStatus": "65536", "Direction": "1", "LooseSourceMapped": "0", "ModifyingApplication": "C:\\windows\\System32\\svchost.exe", "EventType": "INFO", "UserID": "S-1-5-19", "SchemaVersion": "542", "Hostname": "SCRANTON.dmevals.local", "RuleName": "WARP_JIT_db4a1097-b484-4973-bbf2-a04208ecd4d4", "Opcode": "Info", "ExecutionProcessID": 2244, "ProviderGuid": "{D1BC9AFF-2ABF-4D71-9146-ECB2A986EB85}", "port": 60737, "EdgeTraversal": "0", "EventID": 2004, "tags": ["mordorDataset"], "SourceName": "Microsoft-Windows-Windows Firewall With Advanced Security", "AccountType": "Well Known Group", "EmbeddedContext": "WARP_JIT_db4a1097-b484-4973-bbf2-a04208ecd4d4", "Task": 0, "Flags": "1", "ThreadID": 3168, "SecurityOptions": "0", "EventReceivedTime": "2020-05-01 23:21:06", "ModifyingUser": "S-1-5-80-3088073201-1464728630-1879813800-1107566885-823218052", "RemoteAddresses": "*", "Keywords": -9223369837831520256, "RecordNumber": 607, "Version": 0, "Action": "2", "Channel": "Microsoft-Windows-Windows Firewall With Advanced Security/Firewall", "Active": "1", "Message": "A rule has been added to the Windows Defender Firewall exception list.\r\n\r\nAdded Rule:\r\n\tRule ID:\t{DDC5F8EB-EDE5-4649-B428-7C6ADB05960E}\r\n\tRule Name:\tWARP_JIT_db4a1097-b484-4973-bbf2-a04208ecd4d4\r\n\tOrigin:\tLocal\r\n\tActive:\tYes\r\n\tDirection:\tInbound\r\n\tProfiles:\tPrivate,Domain, Public\r\n\tAction:\tBlock\r\n\tApplication Path:\t\r\n\tService Name:\t\r\n\tProtocol:\tAny\r\n\tSecurity Options:\tNone\r\n\tEdge Traversal:\tNone\r\n\tModifying User:\tS-1-5-80-3088073201-1464728630-1879813800-1107566885-823218052\r\n\tModifying Application:\tC:\\windows\\System32\\svchost.exe", "EventTime": "2020-05-01 23:21:05"}
{"SourceModuleName": "eventlog", "@version": "1", "host": "wec.internal.cloudapp.net", "LocalOnlyMapped": "0", "Domain": "NT AUTHORITY", "Profiles": "2147483647", "LocalAddresses": "*", "SourceModuleType": "im_msvistalog", "@timestamp": "2020-05-02T03:21:06.178Z", "RuleId": "{5AF19417-1363-4803-B4C1-A2724A39DBB0}", "SeverityValue": 2, "Origin": "1", "OpcodeValue": 0, "Severity": "INFO", "AccountName": "LOCAL SERVICE", "Protocol": "256", "RuleStatus": "65536", "Direction": "2", "LooseSourceMapped": "0", "ModifyingApplication": "C:\\windows\\System32\\svchost.exe", "EventType": "INFO", "UserID": "S-1-5-19", "SchemaVersion": "542", "Hostname": "SCRANTON.dmevals.local", "RuleName": "WARP_JIT_db4a1097-b484-4973-bbf2-a04208ecd4d4", "Opcode": "Info", "ExecutionProcessID": 2244, "ProviderGuid": "{D1BC9AFF-2ABF-4D71-9146-ECB2A986EB85}", "port": 60737, "EdgeTraversal": "0", "EventID": 2004, "tags": ["mordorDataset"], "SourceName": "Microsoft-Windows-Windows Firewall With Advanced Security", "AccountType": "Well Known Group", "EmbeddedContext": "WARP_JIT_db4a1097-b484-4973-bbf2-a04208ecd4d4", "Task": 0, "Flags": "1", "ThreadID": 3168, "SecurityOptions": "0", "EventReceivedTime": "2020-05-01 23:21:06", "ModifyingUser": "S-1-5-80-3088073201-1464728630-1879813800-1107566885-823218052", "RemoteAddresses": "*", "Keywords": -9223369837831520256, "RecordNumber": 608, "Version": 0, "Action": "2", "Channel": "Microsoft-Windows-Windows Firewall With Advanced Security/Firewall", "Active": "1", "Message": "A rule has been added to the Windows Defender Firewall exception list.\r\n\r\nAdded Rule:\r\n\tRule ID:\t{5AF19417-1363-4803-B4C1-A2724A39DBB0}\r\n\tRule Name:\tWARP_JIT_db4a1097-b484-4973-bbf2-a04208ecd4d4\r\n\tOrigin:\tLocal\r\n\tActive:\tYes\r\n\tDirection:\tOutbound\r\n\tProfiles:\tPrivate,Domain, Public\r\n\tAction:\tBlock\r\n\tApplication Path:\t\r\n\tService Name:\t\r\n\tProtocol:\tAny\r\n\tSecurity Options:\tNone\r\n\tEdge Traversal:\tNone\r\n\tModifying User:\tS-1-5-80-3088073201-1464728630-1879813800-1107566885-823218052\r\n\tModifying Application:\tC:\\windows\\System32\\svchost.exe", "EventTime": "2020-05-01 23:21:05"}
{"EventTime": "2020-05-01 23:21:05", "port": 60737, "Message": "A rule has been deleted in the Windows Defender Firewall exception list.\r\n\r\nDeleted Rule:\r\n\tRule ID:\t{5AF19417-1363-4803-B4C1-A2724A39DBB0}\r\n\tRule Name:\tWARP_JIT_db4a1097-b484-4973-bbf2-a04208ecd4d4\r\n\tModifying User:\tS-1-5-80-3088073201-1464728630-1879813800-1107566885-823218052\r\n\tModifying Application:\tC:\\windows\\System32\\svchost.exe", "Opcode": "Info", "EventID": 2006, "SourceModuleName": "eventlog", "tags": ["mordorDataset"], "@version": "1", "SourceName": "Microsoft-Windows-Windows Firewall With Advanced Security", "AccountType": "Well Known Group", "host": "wec.internal.cloudapp.net", "Task": 0, "ThreadID": 2688, "EventReceivedTime": "2020-05-01 23:21:06", "Domain": "NT AUTHORITY", "ModifyingUser": "S-1-5-80-3088073201-1464728630-1879813800-1107566885-823218052", "Keywords": -9223369837831520256, "RecordNumber": 609, "SourceModuleType": "im_msvistalog", "@timestamp": "2020-05-02T03:21:06.179Z", "RuleId": "{5AF19417-1363-4803-B4C1-A2724A39DBB0}", "SeverityValue": 2, "Version": 0, "OpcodeValue": 0, "Severity": "INFO", "Channel": "Microsoft-Windows-Windows Firewall With Advanced Security/Firewall", "AccountName": "LOCAL SERVICE", "ModifyingApplication": "C:\\windows\\System32\\svchost.exe", "EventType": "INFO", "UserID": "S-1-5-19", "Hostname": "SCRANTON.dmevals.local", "RuleName": "WARP_JIT_db4a1097-b484-4973-bbf2-a04208ecd4d4", "ExecutionProcessID": 2244, "ProviderGuid": "{D1BC9AFF-2ABF-4D71-9146-ECB2A986EB85}"}
{"EventTime": "2020-05-01 23:21:05", "port": 60737, "Message": "A rule has been deleted in the Windows Defender Firewall exception list.\r\n\r\nDeleted Rule:\r\n\tRule ID:\t{DDC5F8EB-EDE5-4649-B428-7C6ADB05960E}\r\n\tRule Name:\tWARP_JIT_db4a1097-b484-4973-bbf2-a04208ecd4d4\r\n\tModifying User:\tS-1-5-80-3088073201-1464728630-1879813800-1107566885-823218052\r\n\tModifying Application:\tC:\\windows\\System32\\svchost.exe", "Opcode": "Info", "EventID": 2006, "SourceModuleName": "eventlog", "tags": ["mordorDataset"], "@version": "1", "SourceName": "Microsoft-Windows-Windows Firewall With Advanced Security", "AccountType": "Well Known Group", "host": "wec.internal.cloudapp.net", "Task": 0, "ThreadID": 2688, "EventReceivedTime": "2020-05-01 23:21:06", "Domain": "NT AUTHORITY", "ModifyingUser": "S-1-5-80-3088073201-1464728630-1879813800-1107566885-823218052", "Keywords": -9223369837831520256, "RecordNumber": 610, "SourceModuleType": "im_msvistalog", "@timestamp": "2020-05-02T03:21:06.179Z", "RuleId": "{DDC5F8EB-EDE5-4649-B428-7C6ADB05960E}", "SeverityValue": 2, "Version": 0, "OpcodeValue": 0, "Severity": "INFO", "Channel": "Microsoft-Windows-Windows Firewall With Advanced Security/Firewall", "AccountName": "LOCAL SERVICE", "ModifyingApplication": "C:\\windows\\System32\\svchost.exe", "EventType": "INFO", "UserID": "S-1-5-19", "Hostname": "SCRANTON.dmevals.local", "RuleName": "WARP_JIT_db4a1097-b484-4973-bbf2-a04208ecd4d4", "ExecutionProcessID": 2244, "ProviderGuid": "{D1BC9AFF-2ABF-4D71-9146-ECB2A986EB85}"}