{"EventTime": "2020-05-01 23:18:33", "port": 60737, "Message": "Remote Desktop Services: Session logoff succeeded:\r\n\r\nUser: DMEVALS\\pbeesly\r\nSession ID: 2", "Opcode": "Info", "EventID": 23, "SourceModuleName": "eventlog", "tags": ["mordorDataset"], "@version": "1", "SourceName": "Microsoft-Windows-TerminalServices-LocalSessionManager", "AccountType": "User", "host": "wec.internal.cloudapp.net", "Task": 0, "ThreadID": 1180, "EventReceivedTime": "2020-05-01 23:19:23", "Domain": "NT AUTHORITY", "ActivityID": "{F420806A-B43F-4CC6-BA5C-3843CE6C0000}", "Keywords": 1152921504606846976, "RecordNumber": 62, "SourceModuleType": "im_msvistalog", "@timestamp": "2020-05-02T03:19:23.738Z", "SeverityValue": 2, "Version": 0, "OpcodeValue": 0, "Severity": "INFO", "Channel": "Microsoft-Windows-TerminalServices-LocalSessionManager/Operational", "AccountName": "SYSTEM", "EventType": "INFO", "UserID": "S-1-5-18", "Hostname": "SCRANTON.dmevals.local", "ExecutionProcessID": 64, "ProviderGuid": "{5D896912-022D-40AA-A3A8-4FA5515C76D7}"}
{"EventTime": "2020-05-01 23:18:33", "port": 60737, "Message": "Local multi-user session manager received system shutdown message", "Opcode": "Info", "EventID": 54, "SourceModuleName": "eventlog", "tags": ["mordorDataset"], "@version": "1", "SourceName": "Microsoft-Windows-TerminalServices-LocalSessionManager", "AccountType": "User", "host": "wec.internal.cloudapp.net", "Task": 0, "ThreadID": 5248, "EventReceivedTime": "2020-05-01 23:19:23", "Domain": "NT AUTHORITY", "Keywords": 1152921504606846976, "RecordNumber": 63, "SourceModuleType": "im_msvistalog", "@timestamp": "2020-05-02T03:19:23.739Z", "SeverityValue": 2, "Version": 0, "OpcodeValue": 0, "Severity": "INFO", "Channel": "Microsoft-Windows-TerminalServices-LocalSessionManager/Operational", "AccountName": "SYSTEM", "EventType": "INFO", "UserID": "S-1-5-18", "Hostname": "SCRANTON.dmevals.local", "ExecutionProcessID": 64, "ProviderGuid": "{5D896912-022D-40AA-A3A8-4FA5515C76D7}"}
{"EventTime": "2020-05-01 23:18:34", "port": 60737, "Message": "Session 2 has been disconnected, reason code 12", "Opcode": "Info", "EventID": 40, "SourceModuleName": "eventlog", "tags": ["mordorDataset"], "@version": "1", "SourceName": "Microsoft-Windows-TerminalServices-LocalSessionManager", "AccountType": "User", "host": "wec.internal.cloudapp.net", "Task": 0, "ThreadID": 1180, "EventReceivedTime": "2020-05-01 23:19:23", "Domain": "NT AUTHORITY", "ActivityID": "{F420806A-B43F-4CC6-BA5C-3843CE6C0000}", "Keywords": 1152921504606846976, "RecordNumber": 64, "SourceModuleType": "im_msvistalog", "@timestamp": "2020-05-02T03:19:23.740Z", "SeverityValue": 2, "Version": 0, "OpcodeValue": 0, "Severity": "INFO", "Channel": "Microsoft-Windows-TerminalServices-LocalSessionManager/Operational", "AccountName": "SYSTEM", "EventType": "INFO", "UserID": "S-1-5-18", "Hostname": "SCRANTON.dmevals.local", "ExecutionProcessID": 64, "ProviderGuid": "{5D896912-022D-40AA-A3A8-4FA5515C76D7}"}
{"EventTime": "2020-05-01 23:18:34", "port": 60737, "Message": "Remote Desktop Services: Session has been disconnected:\r\n\r\nUser: DMEVALS\\pbeesly\r\nSession ID: 2\r\nSource Network Address: 172.18.39.2", "Opcode": "Info", "EventID": 24, "SourceModuleName": "eventlog", "tags": ["mordorDataset"], "@version": "1", "SourceName": "Microsoft-Windows-TerminalServices-LocalSessionManager", "AccountType": "User", "host": "wec.internal.cloudapp.net", "Task": 0, "ThreadID": 1180, "EventReceivedTime": "2020-05-01 23:19:23", "Domain": "NT AUTHORITY", "ActivityID": "{F420806A-B43F-4CC6-BA5C-3843CE6C0000}", "Keywords": 1152921504606846976, "RecordNumber": 65, "SourceModuleType": "im_msvistalog", "@timestamp": "2020-05-02T03:19:23.740Z", "SeverityValue": 2, "Version": 0, "OpcodeValue": 0, "Severity": "INFO", "Channel": "Microsoft-Windows-TerminalServices-LocalSessionManager/Operational", "AccountName": "SYSTEM", "EventType": "INFO", "UserID": "S-1-5-18", "Hostname": "SCRANTON.dmevals.local", "ExecutionProcessID": 64, "ProviderGuid": "{5D896912-022D-40AA-A3A8-4FA5515C76D7}"}
{"EventTime": "2020-05-01 23:19:10", "port": 60737, "Message": "Plugin RDSAppXPlugin has been successfully initialized", "Opcode": "Info", "EventID": 32, "SourceModuleName": "eventlog", "tags": ["mordorDataset"], "@version": "1", "SourceName": "Microsoft-Windows-TerminalServices-LocalSessionManager", "AccountType": "User", "host": "wec.internal.cloudapp.net", "Task": 0, "ThreadID": 460, "EventReceivedTime": "2020-05-01 23:19:23", "Domain": "NT AUTHORITY", "Keywords": 1152921504606846976, "RecordNumber": 66, "SourceModuleType": "im_msvistalog", "@timestamp": "2020-05-02T03:19:23.741Z", "SeverityValue": 2, "Version": 0, "OpcodeValue": 0, "Severity": "INFO", "Channel": "Microsoft-Windows-TerminalServices-LocalSessionManager/Operational", "AccountName": "SYSTEM", "EventType": "INFO", "UserID": "S-1-5-18", "Hostname": "SCRANTON.dmevals.local", "ExecutionProcessID": 8, "ProviderGuid": "{5D896912-022D-40AA-A3A8-4FA5515C76D7}"}
{"EventTime": "2020-05-01 23:20:46", "port": 60737, "Message": "Begin session arbitration:\r\n\r\nUser: DMEVALS\\pbeesly\r\nSession ID: 2", "Opcode": "Info", "EventID": 41, "SourceModuleName": "eventlog", "tags": ["mordorDataset"], "@version": "1", "SourceName": "Microsoft-Windows-TerminalServices-LocalSessionManager", "AccountType": "User", "host": "wec.internal.cloudapp.net", "Task": 0, "ThreadID": 468, "EventReceivedTime": "2020-05-01 23:20:46", "Domain": "NT AUTHORITY", "ActivityID": "{F420955D-48D0-4807-9712-68D7AA5B0000}", "Keywords": 1152921504606846976, "RecordNumber": 67, "SourceModuleType": "im_msvistalog", "@timestamp": "2020-05-02T03:20:47.894Z", "SeverityValue": 2, "Version": 0, "OpcodeValue": 0, "Severity": "INFO", "Channel": "Microsoft-Windows-TerminalServices-LocalSessionManager/Operational", "AccountName": "SYSTEM", "EventType": "INFO", "UserID": "S-1-5-18", "Hostname": "SCRANTON.dmevals.local", "ExecutionProcessID": 8, "ProviderGuid": "{5D896912-022D-40AA-A3A8-4FA5515C76D7}"}
{"EventTime": "2020-05-01 23:20:46", "port": 60737, "Message": "End session arbitration:\r\n\r\nUser: DMEVALS\\pbeesly\r\nSession ID: 2", "Opcode": "Info", "EventID": 42, "SourceModuleName": "eventlog", "tags": ["mordorDataset"], "@version": "1", "SourceName": "Microsoft-Windows-TerminalServices-LocalSessionManager", "AccountType": "User", "host": "wec.internal.cloudapp.net", "Task": 0, "ThreadID": 468, "EventReceivedTime": "2020-05-01 23:20:46", "Domain": "NT AUTHORITY", "ActivityID": "{F420955D-48D0-4807-9712-68D7AA5B0000}", "Keywords": 1152921504606846976, "RecordNumber": 68, "SourceModuleType": "im_msvistalog", "@timestamp": "2020-05-02T03:20:47.894Z", "SeverityValue": 2, "Version": 0, "OpcodeValue": 0, "Severity": "INFO", "Channel": "Microsoft-Windows-TerminalServices-LocalSessionManager/Operational", "AccountName": "SYSTEM", "EventType": "INFO", "UserID": "S-1-5-18", "Hostname": "SCRANTON.dmevals.local", "ExecutionProcessID": 8, "ProviderGuid": "{5D896912-022D-40AA-A3A8-4FA5515C76D7}"}
{"EventTime": "2020-05-01 23:20:48", "port": 60737, "Message": "Remote Desktop Services: Session logon succeeded:\r\n\r\nUser: DMEVALS\\pbeesly\r\nSession ID: 2\r\nSource Network Address: 172.18.39.2", "Opcode": "Info", "EventID": 21, "SourceModuleName": "eventlog", "tags": ["mordorDataset"], "@version": "1", "SourceName": "Microsoft-Windows-TerminalServices-LocalSessionManager", "AccountType": "User", "host": "wec.internal.cloudapp.net", "Task": 0, "ThreadID": 468, "EventReceivedTime": "2020-05-01 23:20:48", "Domain": "NT AUTHORITY", "ActivityID": "{F420955D-48D0-4807-9712-68D7AA5B0000}", "Keywords": 1152921504606846976, "RecordNumber": 69, "SourceModuleType": "im_msvistalog", "@timestamp": "2020-05-02T03:20:48.430Z", "SeverityValue": 2, "Version": 0, "OpcodeValue": 0, "Severity": "INFO", "Channel": "Microsoft-Windows-TerminalServices-LocalSessionManager/Operational", "AccountName": "SYSTEM", "EventType": "INFO", "UserID": "S-1-5-18", "Hostname": "SCRANTON.dmevals.local", "ExecutionProcessID": 8, "ProviderGuid": "{5D896912-022D-40AA-A3A8-4FA5515C76D7}"}
{"EventTime": "2020-05-01 23:20:48", "port": 60737, "Message": "Remote Desktop Services: Shell start notification received:\r\n\r\nUser: DMEVALS\\pbeesly\r\nSession ID: 2\r\nSource Network Address: 172.18.39.2", "Opcode": "Info", "EventID": 22, "SourceModuleName": "eventlog", "tags": ["mordorDataset"], "@version": "1", "SourceName": "Microsoft-Windows-TerminalServices-LocalSessionManager", "AccountType": "User", "host": "wec.internal.cloudapp.net", "Task": 0, "ThreadID": 468, "EventReceivedTime": "2020-05-01 23:20:48", "Domain": "NT AUTHORITY", "ActivityID": "{F420955D-48D0-4807-9712-68D7AA5B0000}", "Keywords": 1152921504606846976, "RecordNumber": 70, "SourceModuleType": "im_msvistalog", "@timestamp": "2020-05-02T03:20:48.431Z", "SeverityValue": 2, "Version": 0, "OpcodeValue": 0, "Severity": "INFO", "Channel": "Microsoft-Windows-TerminalServices-LocalSessionManager/Operational", "AccountName": "SYSTEM", "EventType": "INFO", "UserID": "S-1-5-18", "Hostname": "SCRANTON.dmevals.local", "ExecutionProcessID": 8, "ProviderGuid": "{5D896912-022D-40AA-A3A8-4FA5515C76D7}"}