{"EventTime": "2020-05-01 23:19:11", "port": 60737, "Message": "Connection from listener RDP-Tcp will have terminal class of {5828227c-20cf-4408-b73f-73ab70b8849f}", "Opcode": "Info", "EventID": 20523, "SourceModuleName": "eventlog", "tags": ["mordorDataset"], "@version": "1", "SourceName": "Microsoft-Windows-TerminalServices-RemoteConnectionManager", "AccountType": "Well Known Group", "host": "wec.internal.cloudapp.net", "Task": 0, "ThreadID": 1132, "EventReceivedTime": "2020-05-01 23:19:23", "Domain": "NT AUTHORITY", "ActivityID": "{F46266CB-81BB-4387-B34E-FEEC270D0000}", "Keywords": 1152921504606846976, "RecordNumber": 56, "SourceModuleType": "im_msvistalog", "@timestamp": "2020-05-02T03:19:23.742Z", "SeverityValue": 2, "Version": 0, "OpcodeValue": 0, "Severity": "INFO", "Channel": "Microsoft-Windows-TerminalServices-RemoteConnectionManager/Operational", "AccountName": "NETWORK SERVICE", "EventType": "INFO", "UserID": "S-1-5-20", "Hostname": "SCRANTON.dmevals.local", "ExecutionProcessID": 1056, "ProviderGuid": "{C76BAA63-AE81-421C-B425-340B4B24157F}"}
{"EventTime": "2020-05-01 23:19:11", "port": 60737, "Message": "Listener RDP-Tcp has started listening", "Opcode": "Info", "EventID": 258, "SourceModuleName": "eventlog", "tags": ["mordorDataset"], "@version": "1", "SourceName": "Microsoft-Windows-TerminalServices-RemoteConnectionManager", "AccountType": "Well Known Group", "host": "wec.internal.cloudapp.net", "Task": 0, "ThreadID": 1132, "EventReceivedTime": "2020-05-01 23:19:23", "Domain": "NT AUTHORITY", "ActivityID": "{F46266CB-81BB-4387-B34E-FEEC270D0000}", "Keywords": 1152921504606846976, "RecordNumber": 57, "SourceModuleType": "im_msvistalog", "@timestamp": "2020-05-02T03:19:23.743Z", "SeverityValue": 2, "Version": 0, "OpcodeValue": 0, "Severity": "INFO", "Channel": "Microsoft-Windows-TerminalServices-RemoteConnectionManager/Operational", "AccountName": "NETWORK SERVICE", "EventType": "INFO", "UserID": "S-1-5-20", "Hostname": "SCRANTON.dmevals.local", "ExecutionProcessID": 1056, "ProviderGuid": "{C76BAA63-AE81-421C-B425-340B4B24157F}"}
{"EventTime": "2020-05-01 23:19:11", "port": 60737, "Message": "Connection from listener 31C5CE94259D4006A9E4 will have terminal class of {d5993eae-8d06-4a05-9cb4-94cea280dc6b}", "Opcode": "Info", "EventID": 20523, "SourceModuleName": "eventlog", "tags": ["mordorDataset"], "@version": "1", "SourceName": "Microsoft-Windows-TerminalServices-RemoteConnectionManager", "AccountType": "Well Known Group", "host": "wec.internal.cloudapp.net", "Task": 0, "ThreadID": 1132, "EventReceivedTime": "2020-05-01 23:19:23", "Domain": "NT AUTHORITY", "ActivityID": "{F46266CB-81BB-4387-B34E-FEEC270D0000}", "Keywords": 1152921504606846976, "RecordNumber": 58, "SourceModuleType": "im_msvistalog", "@timestamp": "2020-05-02T03:19:23.743Z", "SeverityValue": 2, "Version": 0, "OpcodeValue": 0, "Severity": "INFO", "Channel": "Microsoft-Windows-TerminalServices-RemoteConnectionManager/Operational", "AccountName": "NETWORK SERVICE", "EventType": "INFO", "UserID": "S-1-5-20", "Hostname": "SCRANTON.dmevals.local", "ExecutionProcessID": 1056, "ProviderGuid": "{C76BAA63-AE81-421C-B425-340B4B24157F}"}
{"EventTime": "2020-05-01 23:19:11", "port": 60737, "Message": "Listener 31C5CE94259D4006A9E4 has started listening", "Opcode": "Info", "EventID": 258, "SourceModuleName": "eventlog", "tags": ["mordorDataset"], "@version": "1", "SourceName": "Microsoft-Windows-TerminalServices-RemoteConnectionManager", "AccountType": "Well Known Group", "host": "wec.internal.cloudapp.net", "Task": 0, "ThreadID": 1132, "EventReceivedTime": "2020-05-01 23:19:23", "Domain": "NT AUTHORITY", "ActivityID": "{F46266CB-81BB-4387-B34E-FEEC270D0000}", "Keywords": 1152921504606846976, "RecordNumber": 59, "SourceModuleType": "im_msvistalog", "@timestamp": "2020-05-02T03:19:23.743Z", "SeverityValue": 2, "Version": 0, "OpcodeValue": 0, "Severity": "INFO", "Channel": "Microsoft-Windows-TerminalServices-RemoteConnectionManager/Operational", "AccountName": "NETWORK SERVICE", "EventType": "INFO", "UserID": "S-1-5-20", "Hostname": "SCRANTON.dmevals.local", "ExecutionProcessID": 1056, "ProviderGuid": "{C76BAA63-AE81-421C-B425-340B4B24157F}"}
{"EventTime": "2020-05-01 23:19:11", "port": 60737, "Message": "WDDM graphics mode is enabled", "Opcode": "Info", "EventID": 263, "SourceModuleName": "eventlog", "tags": ["mordorDataset"], "@version": "1", "SourceName": "Microsoft-Windows-TerminalServices-RemoteConnectionManager", "AccountType": "Well Known Group", "host": "wec.internal.cloudapp.net", "Task": 0, "ThreadID": 1132, "EventReceivedTime": "2020-05-01 23:19:23", "Domain": "NT AUTHORITY", "ActivityID": "{F46266CB-81BB-4387-B34E-FEEC270D0000}", "Keywords": 1152921504606846976, "RecordNumber": 60, "SourceModuleType": "im_msvistalog", "@timestamp": "2020-05-02T03:19:23.747Z", "SeverityValue": 2, "Version": 0, "OpcodeValue": 0, "Severity": "INFO", "Channel": "Microsoft-Windows-TerminalServices-RemoteConnectionManager/Operational", "AccountName": "NETWORK SERVICE", "EventType": "INFO", "UserID": "S-1-5-20", "Hostname": "SCRANTON.dmevals.local", "ExecutionProcessID": 1056, "ProviderGuid": "{C76BAA63-AE81-421C-B425-340B4B24157F}"}
{"EventTime": "2020-05-01 23:19:13", "port": 60737, "Message": "RD Session Host Server role is not installed.", "Opcode": "Info", "EventID": 1136, "SourceModuleName": "eventlog", "tags": ["mordorDataset"], "@version": "1", "SourceName": "Microsoft-Windows-TerminalServices-RemoteConnectionManager", "AccountType": "User", "host": "wec.internal.cloudapp.net", "Task": 0, "ThreadID": 2632, "EventReceivedTime": "2020-05-01 23:19:23", "Domain": "NT AUTHORITY", "Keywords": 1152921504606846976, "RecordNumber": 61, "SourceModuleType": "im_msvistalog", "@timestamp": "2020-05-02T03:19:23.747Z", "SeverityValue": 2, "Version": 0, "OpcodeValue": 0, "Severity": "INFO", "Channel": "Microsoft-Windows-TerminalServices-RemoteConnectionManager/Operational", "AccountName": "SYSTEM", "EventType": "INFO", "UserID": "S-1-5-18", "Hostname": "SCRANTON.dmevals.local", "ExecutionProcessID": 2544, "ProviderGuid": "{C76BAA63-AE81-421C-B425-340B4B24157F}"}
{"EventTime": "2020-05-01 23:19:13", "port": 60737, "Message": "WDDM graphics mode is enabled", "Opcode": "Info", "EventID": 263, "SourceModuleName": "eventlog", "tags": ["mordorDataset"], "@version": "1", "SourceName": "Microsoft-Windows-TerminalServices-RemoteConnectionManager", "AccountType": "Well Known Group", "host": "wec.internal.cloudapp.net", "Task": 0, "ThreadID": 1132, "EventReceivedTime": "2020-05-01 23:19:23", "Domain": "NT AUTHORITY", "ActivityID": "{F4629E32-53A9-4371-A65F-E56F34B50000}", "Keywords": 1152921504606846976, "RecordNumber": 62, "SourceModuleType": "im_msvistalog", "@timestamp": "2020-05-02T03:19:23.748Z", "SeverityValue": 2, "Version": 0, "OpcodeValue": 0, "Severity": "INFO", "Channel": "Microsoft-Windows-TerminalServices-RemoteConnectionManager/Operational", "AccountName": "NETWORK SERVICE", "EventType": "INFO", "UserID": "S-1-5-20", "Hostname": "SCRANTON.dmevals.local", "ExecutionProcessID": 1056, "ProviderGuid": "{C76BAA63-AE81-421C-B425-340B4B24157F}"}
{"EventTime": "2020-05-01 23:19:13", "port": 60737, "Message": "WDDM graphics mode is enabled", "Opcode": "Info", "EventID": 263, "SourceModuleName": "eventlog", "tags": ["mordorDataset"], "@version": "1", "SourceName": "Microsoft-Windows-TerminalServices-RemoteConnectionManager", "AccountType": "Well Known Group", "host": "wec.internal.cloudapp.net", "Task": 0, "ThreadID": 1132, "EventReceivedTime": "2020-05-01 23:19:23", "Domain": "NT AUTHORITY", "ActivityID": "{F46285CE-3EFB-4BAF-BF67-84763CEA0000}", "Keywords": 1152921504606846976, "RecordNumber": 63, "SourceModuleType": "im_msvistalog", "@timestamp": "2020-05-02T03:19:23.748Z", "SeverityValue": 2, "Version": 0, "OpcodeValue": 0, "Severity": "INFO", "Channel": "Microsoft-Windows-TerminalServices-RemoteConnectionManager/Operational", "AccountName": "NETWORK SERVICE", "EventType": "INFO", "UserID": "S-1-5-20", "Hostname": "SCRANTON.dmevals.local", "ExecutionProcessID": 1056, "ProviderGuid": "{C76BAA63-AE81-421C-B425-340B4B24157F}"}
{"EventTime": "2020-05-01 23:19:13", "port": 60737, "Message": "WDDM graphics mode is enabled", "Opcode": "Info", "EventID": 263, "SourceModuleName": "eventlog", "tags": ["mordorDataset"], "@version": "1", "SourceName": "Microsoft-Windows-TerminalServices-RemoteConnectionManager", "AccountType": "Well Known Group", "host": "wec.internal.cloudapp.net", "Task": 0, "ThreadID": 1132, "EventReceivedTime": "2020-05-01 23:19:23", "Domain": "NT AUTHORITY", "ActivityID": "{F4625DEB-7729-4394-924C-CA8393AD0000}", "Keywords": 1152921504606846976, "RecordNumber": 64, "SourceModuleType": "im_msvistalog", "@timestamp": "2020-05-02T03:19:23.749Z", "SeverityValue": 2, "Version": 0, "OpcodeValue": 0, "Severity": "INFO", "Channel": "Microsoft-Windows-TerminalServices-RemoteConnectionManager/Operational", "AccountName": "NETWORK SERVICE", "EventType": "INFO", "UserID": "S-1-5-20", "Hostname": "SCRANTON.dmevals.local", "ExecutionProcessID": 1056, "ProviderGuid": "{C76BAA63-AE81-421C-B425-340B4B24157F}"}
{"EventTime": "2020-05-01 23:19:13", "port": 60737, "Message": "WDDM graphics mode is enabled", "Opcode": "Info", "EventID": 263, "SourceModuleName": "eventlog", "tags": ["mordorDataset"], "@version": "1", "SourceName": "Microsoft-Windows-TerminalServices-RemoteConnectionManager", "AccountType": "Well Known Group", "host": "wec.internal.cloudapp.net", "Task": 0, "ThreadID": 1132, "EventReceivedTime": "2020-05-01 23:19:23", "Domain": "NT AUTHORITY", "ActivityID": "{F4629AF5-4D2B-40CE-A9F7-3A981EF30000}", "Keywords": 1152921504606846976, "RecordNumber": 65, "SourceModuleType": "im_msvistalog", "@timestamp": "2020-05-02T03:19:23.750Z", "SeverityValue": 2, "Version": 0, "OpcodeValue": 0, "Severity": "INFO", "Channel": "Microsoft-Windows-TerminalServices-RemoteConnectionManager/Operational", "AccountName": "NETWORK SERVICE", "EventType": "INFO", "UserID": "S-1-5-20", "Hostname": "SCRANTON.dmevals.local", "ExecutionProcessID": 1056, "ProviderGuid": "{C76BAA63-AE81-421C-B425-340B4B24157F}"}
{"EventTime": "2020-05-01 23:19:13", "port": 60737, "Message": "WDDM graphics mode is enabled", "Opcode": "Info", "EventID": 263, "SourceModuleName": "eventlog", "tags": ["mordorDataset"], "@version": "1", "SourceName": "Microsoft-Windows-TerminalServices-RemoteConnectionManager", "AccountType": "Well Known Group", "host": "wec.internal.cloudapp.net", "Task": 0, "ThreadID": 1132, "EventReceivedTime": "2020-05-01 23:19:23", "Domain": "NT AUTHORITY", "ActivityID": "{F462BB96-E361-47E9-9EB3-26733BD40000}", "Keywords": 1152921504606846976, "RecordNumber": 66, "SourceModuleType": "im_msvistalog", "@timestamp": "2020-05-02T03:19:23.751Z", "SeverityValue": 2, "Version": 0, "OpcodeValue": 0, "Severity": "INFO", "Channel": "Microsoft-Windows-TerminalServices-RemoteConnectionManager/Operational", "AccountName": "NETWORK SERVICE", "EventType": "INFO", "UserID": "S-1-5-20", "Hostname": "SCRANTON.dmevals.local", "ExecutionProcessID": 1056, "ProviderGuid": "{C76BAA63-AE81-421C-B425-340B4B24157F}"}
{"EventTime": "2020-05-01 23:19:13", "port": 60737, "Message": "WDDM graphics mode is enabled", "Opcode": "Info", "EventID": 263, "SourceModuleName": "eventlog", "tags": ["mordorDataset"], "@version": "1", "SourceName": "Microsoft-Windows-TerminalServices-RemoteConnectionManager", "AccountType": "Well Known Group", "host": "wec.internal.cloudapp.net", "Task": 0, "ThreadID": 1132, "EventReceivedTime": "2020-05-01 23:19:23", "Domain": "NT AUTHORITY", "ActivityID": "{F462B939-1C2D-444E-806A-3BE47C640000}", "Keywords": 1152921504606846976, "RecordNumber": 67, "SourceModuleType": "im_msvistalog", "@timestamp": "2020-05-02T03:19:23.751Z", "SeverityValue": 2, "Version": 0, "OpcodeValue": 0, "Severity": "INFO", "Channel": "Microsoft-Windows-TerminalServices-RemoteConnectionManager/Operational", "AccountName": "NETWORK SERVICE", "EventType": "INFO", "UserID": "S-1-5-20", "Hostname": "SCRANTON.dmevals.local", "ExecutionProcessID": 1056, "ProviderGuid": "{C76BAA63-AE81-421C-B425-340B4B24157F}"}
{"EventTime": "2020-05-01 23:19:23", "port": 60737, "Message": "WDDM graphics mode is enabled", "Opcode": "Info", "EventID": 263, "SourceModuleName": "eventlog", "tags": ["mordorDataset"], "@version": "1", "SourceName": "Microsoft-Windows-TerminalServices-RemoteConnectionManager", "AccountType": "Well Known Group", "host": "wec.internal.cloudapp.net", "Task": 0, "ThreadID": 1128, "EventReceivedTime": "2020-05-01 23:19:23", "Domain": "NT AUTHORITY", "ActivityID": "{F4626EB1-2467-4634-96D3-3067D9B30000}", "Keywords": 1152921504606846976, "RecordNumber": 68, "SourceModuleType": "im_msvistalog", "@timestamp": "2020-05-02T03:19:23.767Z", "SeverityValue": 2, "Version": 0, "OpcodeValue": 0, "Severity": "INFO", "Channel": "Microsoft-Windows-TerminalServices-RemoteConnectionManager/Operational", "AccountName": "NETWORK SERVICE", "EventType": "INFO", "UserID": "S-1-5-20", "Hostname": "SCRANTON.dmevals.local", "ExecutionProcessID": 1056, "ProviderGuid": "{C76BAA63-AE81-421C-B425-340B4B24157F}"}
{"EventTime": "2020-05-01 23:20:20", "port": 60737, "Message": "Listener RDP-Tcp received a connection", "Opcode": "Info", "EventID": 261, "SourceModuleName": "eventlog", "tags": ["mordorDataset"], "@version": "1", "SourceName": "Microsoft-Windows-TerminalServices-RemoteConnectionManager", "AccountType": "Well Known Group", "host": "wec.internal.cloudapp.net", "Task": 0, "ThreadID": 1556, "EventReceivedTime": "2020-05-01 23:20:21", "Domain": "NT AUTHORITY", "ActivityID": "{F420955D-48D0-4807-9712-68D7AA5B0000}", "Keywords": 1152921504606846976, "RecordNumber": 69, "SourceModuleType": "im_msvistalog", "@timestamp": "2020-05-02T03:20:28.860Z", "SeverityValue": 2, "Version": 0, "OpcodeValue": 0, "Severity": "INFO", "Channel": "Microsoft-Windows-TerminalServices-RemoteConnectionManager/Operational", "AccountName": "NETWORK SERVICE", "EventType": "INFO", "UserID": "S-1-5-20", "Hostname": "SCRANTON.dmevals.local", "ExecutionProcessID": 1056, "ProviderGuid": "{C76BAA63-AE81-421C-B425-340B4B24157F}"}
{"EventTime": "2020-05-01 23:20:42", "port": 60737, "Message": "Remote Desktop Services: User authentication succeeded:\r\n\r\nUser: pbeesly\r\nDomain: dmevals\r\nSource Network Address: 172.18.39.2", "Opcode": "Info", "EventID": 1149, "SourceModuleName": "eventlog", "tags": ["mordorDataset"], "@version": "1", "SourceName": "Microsoft-Windows-TerminalServices-RemoteConnectionManager", "AccountType": "Well Known Group", "host": "wec.internal.cloudapp.net", "Task": 0, "ThreadID": 5760, "EventReceivedTime": "2020-05-01 23:20:45", "Domain": "NT AUTHORITY", "ActivityID": "{F420955D-48D0-4807-9712-68D7AA5B0000}", "Keywords": 1152921504606846976, "RecordNumber": 70, "SourceModuleType": "im_msvistalog", "@timestamp": "2020-05-02T03:20:47.618Z", "SeverityValue": 2, "Version": 0, "OpcodeValue": 0, "Severity": "INFO", "Channel": "Microsoft-Windows-TerminalServices-RemoteConnectionManager/Operational", "AccountName": "NETWORK SERVICE", "EventType": "INFO", "UserID": "S-1-5-20", "Hostname": "SCRANTON.dmevals.local", "ExecutionProcessID": 1056, "ProviderGuid": "{C76BAA63-AE81-421C-B425-340B4B24157F}"}