{"EventTime": "2020-05-01 23:01:34", "port": 60737, "Message": "The Microsoft Storage Spaces SMP service entered the stopped state.", "param1": "Microsoft Storage Spaces SMP", "EventID": 7036, "SourceModuleName": "eventlog", "tags": ["mordorDataset"], "@version": "1", "SourceName": "Service Control Manager", "host": "wec.internal.cloudapp.net", "Task": 0, "ThreadID": 4784, "EventReceivedTime": "2020-05-01 23:01:35", "param2": "stopped", "Keywords": -9187343239835811840, "RecordNumber": 976, "SourceModuleType": "im_msvistalog", "@timestamp": "2020-05-02T03:01:35.708Z", "SeverityValue": 2, "Version": 0, "OpcodeValue": 0, "Severity": "INFO", "Channel": "System", "EventType": "INFO", "Hostname": "NEWYORK.dmevals.local", "ExecutionProcessID": 696, "ProviderGuid": "{555908D1-A6D7-4695-8E1E-26931D2012F4}"}
{"EventTime": "2020-05-01 23:01:34", "port": 60737, "Message": "The Microsoft Storage Spaces SMP service entered the running state.", "param1": "Microsoft Storage Spaces SMP", "EventID": 7036, "SourceModuleName": "eventlog", "tags": ["mordorDataset"], "@version": "1", "SourceName": "Service Control Manager", "host": "wec.internal.cloudapp.net", "Task": 0, "ThreadID": 2960, "EventReceivedTime": "2020-05-01 23:01:35", "param2": "running", "Keywords": -9187343239835811840, "RecordNumber": 977, "SourceModuleType": "im_msvistalog", "@timestamp": "2020-05-02T03:01:35.711Z", "SeverityValue": 2, "Version": 0, "OpcodeValue": 0, "Severity": "INFO", "Channel": "System", "EventType": "INFO", "Hostname": "NEWYORK.dmevals.local", "ExecutionProcessID": 696, "ProviderGuid": "{555908D1-A6D7-4695-8E1E-26931D2012F4}"}
{"EventTime": "2020-05-01 23:01:43", "port": 60737, "Message": "The Group Policy settings for the computer were processed successfully. There were no changes detected since the last successful processing of Group Policy.", "Opcode": "Start", "EventID": 1500, "SourceModuleName": "eventlog", "tags": ["mordorDataset"], "@version": "1", "ProcessingMode": "0", "SupportInfo1": "1", "SourceName": "Microsoft-Windows-GroupPolicy", "AccountType": "User", "host": "wec.internal.cloudapp.net", "Task": 0, "ThreadID": 7792, "EventReceivedTime": "2020-05-01 23:01:44", "SupportInfo2": "4232", "Domain": "NT AUTHORITY", "ActivityID": "{6CFF316B-A3CB-4707-A6DD-19B1B128816E}", "ProcessingTimeInMilliseconds": "859", "DCName": "\\\\NEWYORK.dmevals.local", "Keywords": -9223372036854775808, "RecordNumber": 545, "SourceModuleType": "im_msvistalog", "@timestamp": "2020-05-02T03:01:44.399Z", "SeverityValue": 2, "Version": 0, "OpcodeValue": 1, "Severity": "INFO", "Channel": "System", "AccountName": "SYSTEM", "EventType": "INFO", "UserID": "S-1-5-18", "Hostname": "SCRANTON.dmevals.local", "ExecutionProcessID": 8268, "ProviderGuid": "{AEA1B4FA-97D1-45F2-A64C-4D69FFFD92C9}"}
{"EventTime": "2020-05-01 23:02:46", "port": 60737, "Message": "Miniport NIC 'Microsoft Hyper-V Network Adapter' paused", "Opcode": "Info", "EventID": 10, "SourceModuleName": "eventlog", "tags": ["mordorDataset"], "@version": "1", "MiniportNameLen": "33", "MiniportName": "Microsoft Hyper-V Network Adapter", "SourceName": "Microsoft-Windows-Hyper-V-Netvsc", "AccountType": "User", "host": "wec.internal.cloudapp.net", "Task": 1003, "ThreadID": 376, "EventReceivedTime": "2020-05-01 23:02:47", "Domain": "NT AUTHORITY", "Keywords": -9223372036854775808, "RecordNumber": 546, "SourceModuleType": "im_msvistalog", "@timestamp": "2020-05-02T03:02:47.464Z", "SeverityValue": 2, "Version": 0, "OpcodeValue": 0, "Severity": "INFO", "Channel": "System", "AccountName": "SYSTEM", "EventType": "INFO", "UserID": "S-1-5-18", "Hostname": "SCRANTON.dmevals.local", "ExecutionProcessID": 4, "ProviderGuid": "{152FBE4B-C7AD-4F68-BADA-A4FCC1464F6C}"}
{"EventTime": "2020-05-01 23:02:46", "port": 60737, "Message": "Miniport NIC 'Microsoft Hyper-V Network Adapter' restarted", "Opcode": "Info", "EventID": 11, "SourceModuleName": "eventlog", "tags": ["mordorDataset"], "@version": "1", "MiniportNameLen": "33", "MiniportName": "Microsoft Hyper-V Network Adapter", "SourceName": "Microsoft-Windows-Hyper-V-Netvsc", "AccountType": "User", "host": "wec.internal.cloudapp.net", "Task": 1003, "ThreadID": 376, "EventReceivedTime": "2020-05-01 23:02:47", "Domain": "NT AUTHORITY", "Keywords": -9223372036854775808, "RecordNumber": 547, "SourceModuleType": "im_msvistalog", "@timestamp": "2020-05-02T03:02:47.464Z", "SeverityValue": 2, "Version": 0, "OpcodeValue": 0, "Severity": "INFO", "Channel": "System", "AccountName": "SYSTEM", "EventType": "INFO", "UserID": "S-1-5-18", "Hostname": "SCRANTON.dmevals.local", "ExecutionProcessID": 4, "ProviderGuid": "{152FBE4B-C7AD-4F68-BADA-A4FCC1464F6C}"}
{"EventTime": "2020-05-01 23:02:47", "port": 60737, "Message": "The access history in hive \\??\\C:\\ProgramData\\Microsoft\\Provisioning\\Microsoft-Desktop-Provisioning-Sequence.dat was cleared updating 0 keys and creating 0 modified pages.", "Opcode": "Info", "EventID": 16, "SourceModuleName": "eventlog", "tags": ["mordorDataset"], "@version": "1", "SourceName": "Microsoft-Windows-Kernel-General", "AccountType": "User", "host": "wec.internal.cloudapp.net", "Task": 0, "ThreadID": 7452, "EventReceivedTime": "2020-05-01 23:02:48", "Domain": "NT AUTHORITY", "Keywords": -9223372036854775808, "RecordNumber": 548, "SourceModuleType": "im_msvistalog", "@timestamp": "2020-05-02T03:02:48.582Z", "SeverityValue": 2, "Version": 0, "OpcodeValue": 0, "KeysUpdated": "0", "Severity": "INFO", "Channel": "System", "AccountName": "SYSTEM", "HiveNameLength": "85", "HiveName": "\\??\\C:\\ProgramData\\Microsoft\\Provisioning\\Microsoft-Desktop-Provisioning-Sequence.dat", "EventType": "INFO", "UserID": "S-1-5-18", "DirtyPages": "0", "Hostname": "SCRANTON.dmevals.local", "ExecutionProcessID": 5808, "ProviderGuid": "{A68CA8B7-004F-D7B6-A698-07E2DE0F1F5D}"}
{"EventTime": "2020-05-01 23:03:18", "port": 60737, "Message": "The Software Protection service entered the running state.", "param1": "Software Protection", "EventID": 7036, "SourceModuleName": "eventlog", "tags": ["mordorDataset"], "@version": "1", "SourceName": "Service Control Manager", "host": "wec.internal.cloudapp.net", "Task": 0, "ThreadID": 3996, "EventReceivedTime": "2020-05-01 23:03:20", "param2": "running", "Keywords": -9187343239835811840, "RecordNumber": 978, "SourceModuleType": "im_msvistalog", "@timestamp": "2020-05-02T03:03:20.192Z", "SeverityValue": 2, "Version": 0, "OpcodeValue": 0, "Severity": "INFO", "Channel": "System", "EventType": "INFO", "Hostname": "NEWYORK.dmevals.local", "ExecutionProcessID": 696, "ProviderGuid": "{555908D1-A6D7-4695-8E1E-26931D2012F4}"}
{"EventTime": "2020-05-01 23:03:33", "port": 60737, "Message": "The Network Setup Service service entered the running state.", "param1": "Network Setup Service", "EventID": 7036, "SourceModuleName": "eventlog", "tags": ["mordorDataset"], "@version": "1", "SourceName": "Service Control Manager", "host": "wec.internal.cloudapp.net", "Task": 0, "ThreadID": 3996, "EventReceivedTime": "2020-05-01 23:03:34", "param2": "running", "Keywords": -9187343239835811840, "RecordNumber": 979, "SourceModuleType": "im_msvistalog", "@timestamp": "2020-05-02T03:03:34.352Z", "SeverityValue": 2, "Version": 0, "OpcodeValue": 0, "Severity": "INFO", "Channel": "System", "EventType": "INFO", "Hostname": "NEWYORK.dmevals.local", "ExecutionProcessID": 696, "ProviderGuid": "{555908D1-A6D7-4695-8E1E-26931D2012F4}"}
{"EventTime": "2020-05-01 23:03:50", "port": 60737, "Message": "The Software Protection service entered the stopped state.", "param1": "Software Protection", "EventID": 7036, "SourceModuleName": "eventlog", "tags": ["mordorDataset"], "@version": "1", "SourceName": "Service Control Manager", "host": "wec.internal.cloudapp.net", "Task": 0, "ThreadID": 4784, "EventReceivedTime": "2020-05-01 23:03:52", "param2": "stopped", "Keywords": -9187343239835811840, "RecordNumber": 980, "SourceModuleType": "im_msvistalog", "@timestamp": "2020-05-02T03:03:52.560Z", "SeverityValue": 2, "Version": 0, "OpcodeValue": 0, "Severity": "INFO", "Channel": "System", "EventType": "INFO", "Hostname": "NEWYORK.dmevals.local", "ExecutionProcessID": 696, "ProviderGuid": "{555908D1-A6D7-4695-8E1E-26931D2012F4}"}
{"EventTime": "2020-05-01 23:04:15", "port": 60737, "Message": "A service was installed in the system.\r\n\r\nService Name:  Java(TM) Virtual Machine Support Service\r\nService File Name:  C:\\Windows\\System32\\javamtsup.exe\r\nService Type:  user mode service\r\nService Start Type:  auto start\r\nService Account:  LocalSystem", "SourceModuleName": "eventlog", "EventID": 7045, "tags": ["mordorDataset"], "@version": "1", "StartType": "auto start", "SourceName": "Service Control Manager", "AccountType": "User", "host": "wec.internal.cloudapp.net", "Task": 0, "ThreadID": 1052, "EventReceivedTime": "2020-05-01 23:04:16", "ServiceName": "Java(TM) Virtual Machine Support Service", "ImagePath": "C:\\Windows\\System32\\javamtsup.exe", "Domain": "DMEVALS", "Keywords": -9187343239835811840, "RecordNumber": 549, "SourceModuleType": "im_msvistalog", "@timestamp": "2020-05-02T03:04:16.785Z", "SeverityValue": 2, "Version": 0, "OpcodeValue": 0, "Severity": "INFO", "Channel": "System", "AccountName": "pbeesly", "EventType": "INFO", "UserID": "S-1-5-21-1830255721-3727074217-2423397540-1107", "Hostname": "SCRANTON.dmevals.local", "ServiceType": "user mode service", "ExecutionProcessID": 720, "ProviderGuid": "{555908D1-A6D7-4695-8E1E-26931D2012F4}"}
{"EventTime": "2020-05-01 23:05:25", "port": 60737, "Message": "The access history in hive \\??\\C:\\Users\\pbeesly\\AppData\\Local\\Packages\\Microsoft.SkypeApp_kzf8qxf38zg5c\\Settings\\settings.dat was cleared updating 3 keys and creating 1 modified pages.", "Opcode": "Info", "EventID": 16, "SourceModuleName": "eventlog", "tags": ["mordorDataset"], "@version": "1", "SourceName": "Microsoft-Windows-Kernel-General", "AccountType": "User", "host": "wec.internal.cloudapp.net", "Task": 0, "ThreadID": 8984, "EventReceivedTime": "2020-05-01 23:05:27", "Domain": "NT AUTHORITY", "Keywords": -9223372036854775808, "RecordNumber": 540, "SourceModuleType": "im_msvistalog", "@timestamp": "2020-05-02T03:05:27.032Z", "SeverityValue": 2, "Version": 0, "OpcodeValue": 0, "KeysUpdated": "3", "Severity": "INFO", "Channel": "System", "AccountName": "SYSTEM", "HiveNameLength": "98", "HiveName": "\\??\\C:\\Users\\pbeesly\\AppData\\Local\\Packages\\Microsoft.SkypeApp_kzf8qxf38zg5c\\Settings\\settings.dat", "EventType": "INFO", "UserID": "S-1-5-18", "DirtyPages": "1", "Hostname": "NASHUA.dmevals.local", "ExecutionProcessID": 7028, "ProviderGuid": "{A68CA8B7-004F-D7B6-A698-07E2DE0F1F5D}"}
{"EventTime": "2020-05-01 23:05:25", "port": 60737, "Message": "The access history in hive \\??\\C:\\Users\\pbeesly\\AppData\\Local\\Packages\\Microsoft.WindowsAlarms_8wekyb3d8bbwe\\Settings\\settings.dat was cleared updating 3 keys and creating 1 modified pages.", "Opcode": "Info", "EventID": 16, "SourceModuleName": "eventlog", "tags": ["mordorDataset"], "@version": "1", "SourceName": "Microsoft-Windows-Kernel-General", "AccountType": "User", "host": "wec.internal.cloudapp.net", "Task": 0, "ThreadID": 5232, "EventReceivedTime": "2020-05-01 23:05:27", "Domain": "NT AUTHORITY", "Keywords": -9223372036854775808, "RecordNumber": 541, "SourceModuleType": "im_msvistalog", "@timestamp": "2020-05-02T03:05:27.032Z", "SeverityValue": 2, "Version": 0, "OpcodeValue": 0, "KeysUpdated": "3", "Severity": "INFO", "Channel": "System", "AccountName": "SYSTEM", "HiveNameLength": "103", "HiveName": "\\??\\C:\\Users\\pbeesly\\AppData\\Local\\Packages\\Microsoft.WindowsAlarms_8wekyb3d8bbwe\\Settings\\settings.dat", "EventType": "INFO", "UserID": "S-1-5-18", "DirtyPages": "1", "Hostname": "NASHUA.dmevals.local", "ExecutionProcessID": 8456, "ProviderGuid": "{A68CA8B7-004F-D7B6-A698-07E2DE0F1F5D}"}
{"EventTime": "2020-05-01 23:05:28", "port": 60737, "Message": "The access history in hive \\??\\C:\\Users\\pbeesly\\AppData\\Local\\Packages\\Microsoft.WindowsAlarms_8wekyb3d8bbwe\\Settings\\settings.dat was cleared updating 3 keys and creating 1 modified pages.", "Opcode": "Info", "EventID": 16, "SourceModuleName": "eventlog", "tags": ["mordorDataset"], "@version": "1", "SourceName": "Microsoft-Windows-Kernel-General", "AccountType": "User", "host": "wec.internal.cloudapp.net", "Task": 0, "ThreadID": 4044, "EventReceivedTime": "2020-05-01 23:05:29", "Domain": "NT AUTHORITY", "Keywords": -9223372036854775808, "RecordNumber": 550, "SourceModuleType": "im_msvistalog", "@timestamp": "2020-05-02T03:05:29.655Z", "SeverityValue": 2, "Version": 0, "OpcodeValue": 0, "KeysUpdated": "3", "Severity": "INFO", "Channel": "System", "AccountName": "SYSTEM", "HiveNameLength": "103", "HiveName": "\\??\\C:\\Users\\pbeesly\\AppData\\Local\\Packages\\Microsoft.WindowsAlarms_8wekyb3d8bbwe\\Settings\\settings.dat", "EventType": "INFO", "UserID": "S-1-5-18", "DirtyPages": "1", "Hostname": "SCRANTON.dmevals.local", "ExecutionProcessID": 8960, "ProviderGuid": "{A68CA8B7-004F-D7B6-A698-07E2DE0F1F5D}"}
{"EventTime": "2020-05-01 23:05:28", "port": 60737, "Message": "The access history in hive \\??\\C:\\Users\\pbeesly\\AppData\\Local\\Packages\\Microsoft.SkypeApp_kzf8qxf38zg5c\\Settings\\settings.dat was cleared updating 3 keys and creating 1 modified pages.", "Opcode": "Info", "EventID": 16, "SourceModuleName": "eventlog", "tags": ["mordorDataset"], "@version": "1", "SourceName": "Microsoft-Windows-Kernel-General", "AccountType": "User", "host": "wec.internal.cloudapp.net", "Task": 0, "ThreadID": 8984, "EventReceivedTime": "2020-05-01 23:05:29", "Domain": "NT AUTHORITY", "Keywords": -9223372036854775808, "RecordNumber": 551, "SourceModuleType": "im_msvistalog", "@timestamp": "2020-05-02T03:05:29.656Z", "SeverityValue": 2, "Version": 0, "OpcodeValue": 0, "KeysUpdated": "3", "Severity": "INFO", "Channel": "System", "AccountName": "SYSTEM", "HiveNameLength": "98", "HiveName": "\\??\\C:\\Users\\pbeesly\\AppData\\Local\\Packages\\Microsoft.SkypeApp_kzf8qxf38zg5c\\Settings\\settings.dat", "EventType": "INFO", "UserID": "S-1-5-18", "DirtyPages": "1", "Hostname": "SCRANTON.dmevals.local", "ExecutionProcessID": 6848, "ProviderGuid": "{A68CA8B7-004F-D7B6-A698-07E2DE0F1F5D}"}
{"EventTime": "2020-05-01 23:06:13", "port": 60737, "Message": "The Windows Update Medic Service service entered the running state.", "param1": "Windows Update Medic Service", "EventID": 7036, "SourceModuleName": "eventlog", "tags": ["mordorDataset"], "@version": "1", "SourceName": "Service Control Manager", "host": "wec.internal.cloudapp.net", "Task": 0, "ThreadID": 4784, "EventReceivedTime": "2020-05-01 23:06:15", "param2": "running", "Keywords": -9187343239835811840, "RecordNumber": 981, "SourceModuleType": "im_msvistalog", "@timestamp": "2020-05-02T03:06:15.178Z", "SeverityValue": 2, "Version": 0, "OpcodeValue": 0, "Severity": "INFO", "Channel": "System", "EventType": "INFO", "Hostname": "NEWYORK.dmevals.local", "ExecutionProcessID": 696, "ProviderGuid": "{555908D1-A6D7-4695-8E1E-26931D2012F4}"}
{"EventTime": "2020-05-01 23:06:34", "port": 60737, "Message": "The Network Setup Service service entered the stopped state.", "param1": "Network Setup Service", "EventID": 7036, "SourceModuleName": "eventlog", "tags": ["mordorDataset"], "@version": "1", "SourceName": "Service Control Manager", "host": "wec.internal.cloudapp.net", "Task": 0, "ThreadID": 4784, "EventReceivedTime": "2020-05-01 23:06:36", "param2": "stopped", "Keywords": -9187343239835811840, "RecordNumber": 982, "SourceModuleType": "im_msvistalog", "@timestamp": "2020-05-02T03:06:36.411Z", "SeverityValue": 2, "Version": 0, "OpcodeValue": 0, "Severity": "INFO", "Channel": "System", "EventType": "INFO", "Hostname": "NEWYORK.dmevals.local", "ExecutionProcessID": 696, "ProviderGuid": "{555908D1-A6D7-4695-8E1E-26931D2012F4}"}
{"EventTime": "2020-05-01 23:07:13", "port": 60737, "Message": "The Windows Update Medic Service service entered the stopped state.", "param1": "Windows Update Medic Service", "EventID": 7036, "SourceModuleName": "eventlog", "tags": ["mordorDataset"], "@version": "1", "SourceName": "Service Control Manager", "host": "wec.internal.cloudapp.net", "Task": 0, "ThreadID": 4784, "EventReceivedTime": "2020-05-01 23:07:15", "param2": "stopped", "Keywords": -9187343239835811840, "RecordNumber": 983, "SourceModuleType": "im_msvistalog", "@timestamp": "2020-05-02T03:07:15.089Z", "SeverityValue": 2, "Version": 0, "OpcodeValue": 0, "Severity": "INFO", "Channel": "System", "EventType": "INFO", "Hostname": "NEWYORK.dmevals.local", "ExecutionProcessID": 696, "ProviderGuid": "{555908D1-A6D7-4695-8E1E-26931D2012F4}"}
{"EventTime": "2020-05-01 23:10:40", "port": 60737, "Message": "The Group Policy settings for the computer were processed successfully. There were no changes detected since the last successful processing of Group Policy.", "Opcode": "Start", "EventID": 1500, "SourceModuleName": "eventlog", "tags": ["mordorDataset"], "@version": "1", "ProcessingMode": "0", "SupportInfo1": "1", "SourceName": "Microsoft-Windows-GroupPolicy", "AccountType": "User", "host": "wec.internal.cloudapp.net", "Task": 0, "ThreadID": 5928, "EventReceivedTime": "2020-05-01 23:10:41", "SupportInfo2": "4232", "Domain": "NT AUTHORITY", "ActivityID": "{0FC86D15-7D0A-4B92-A45A-8CFF0554C724}", "ProcessingTimeInMilliseconds": "1000", "DCName": "\\\\NEWYORK.dmevals.local", "Keywords": -9223372036854775808, "RecordNumber": 542, "SourceModuleType": "im_msvistalog", "@timestamp": "2020-05-02T03:10:41.742Z", "SeverityValue": 2, "Version": 0, "OpcodeValue": 1, "Severity": "INFO", "Channel": "System", "AccountName": "SYSTEM", "EventType": "INFO", "UserID": "S-1-5-18", "Hostname": "NASHUA.dmevals.local", "ExecutionProcessID": 5792, "ProviderGuid": "{AEA1B4FA-97D1-45F2-A64C-4D69FFFD92C9}"}
{"EventTime": "2020-05-01 23:11:39", "port": 60737, "Message": "A service was installed in the system.\r\n\r\nService Name:  PSEXESVC\r\nService File Name:  %SystemRoot%\\PSEXESVC.exe\r\nService Type:  user mode service\r\nService Start Type:  demand start\r\nService Account:  LocalSystem", "SourceModuleName": "eventlog", "EventID": 7045, "tags": ["mordorDataset"], "@version": "1", "StartType": "demand start", "SourceName": "Service Control Manager", "AccountType": "User", "host": "wec.internal.cloudapp.net", "Task": 0, "ThreadID": 5888, "EventReceivedTime": "2020-05-01 23:11:41", "ServiceName": "PSEXESVC", "ImagePath": "%SystemRoot%\\PSEXESVC.exe", "Domain": "DMEVALS", "Keywords": -9187343239835811840, "RecordNumber": 543, "SourceModuleType": "im_msvistalog", "@timestamp": "2020-05-02T03:11:41.241Z", "SeverityValue": 2, "Version": 0, "OpcodeValue": 0, "Severity": "INFO", "Channel": "System", "AccountName": "pbeesly", "EventType": "INFO", "UserID": "S-1-5-21-1830255721-3727074217-2423397540-1107", "Hostname": "NASHUA.dmevals.local", "ServiceType": "user mode service", "ExecutionProcessID": 720, "ProviderGuid": "{555908D1-A6D7-4695-8E1E-26931D2012F4}"}
{"EventTime": "2020-05-01 23:12:46", "port": 60737, "Message": "A service was installed in the system.\r\n\r\nService Name:  PSEXESVC\r\nService File Name:  %SystemRoot%\\PSEXESVC.exe\r\nService Type:  user mode service\r\nService Start Type:  demand start\r\nService Account:  LocalSystem", "SourceModuleName": "eventlog", "EventID": 7045, "tags": ["mordorDataset"], "@version": "1", "StartType": "demand start", "SourceName": "Service Control Manager", "AccountType": "User", "host": "wec.internal.cloudapp.net", "Task": 0, "ThreadID": 8776, "EventReceivedTime": "2020-05-01 23:12:47", "ServiceName": "PSEXESVC", "ImagePath": "%SystemRoot%\\PSEXESVC.exe", "Domain": "DMEVALS", "Keywords": -9187343239835811840, "RecordNumber": 544, "SourceModuleType": "im_msvistalog", "@timestamp": "2020-05-02T03:12:47.910Z", "SeverityValue": 2, "Version": 0, "OpcodeValue": 0, "Severity": "INFO", "Channel": "System", "AccountName": "pbeesly", "EventType": "INFO", "UserID": "S-1-5-21-1830255721-3727074217-2423397540-1107", "Hostname": "NASHUA.dmevals.local", "ServiceType": "user mode service", "ExecutionProcessID": 720, "ProviderGuid": "{555908D1-A6D7-4695-8E1E-26931D2012F4}"}
{"EventTime": "2020-05-01 23:13:49", "port": 60737, "Message": "A service was installed in the system.\r\n\r\nService Name:  PSEXESVC\r\nService File Name:  %SystemRoot%\\PSEXESVC.exe\r\nService Type:  user mode service\r\nService Start Type:  demand start\r\nService Account:  LocalSystem", "SourceModuleName": "eventlog", "EventID": 7045, "tags": ["mordorDataset"], "@version": "1", "StartType": "demand start", "SourceName": "Service Control Manager", "AccountType": "User", "host": "wec.internal.cloudapp.net", "Task": 0, "ThreadID": 2788, "EventReceivedTime": "2020-05-01 23:13:51", "ServiceName": "PSEXESVC", "ImagePath": "%SystemRoot%\\PSEXESVC.exe", "Domain": "DMEVALS", "Keywords": -9187343239835811840, "RecordNumber": 545, "SourceModuleType": "im_msvistalog", "@timestamp": "2020-05-02T03:13:51.435Z", "SeverityValue": 2, "Version": 0, "OpcodeValue": 0, "Severity": "INFO", "Channel": "System", "AccountName": "pbeesly", "EventType": "INFO", "UserID": "S-1-5-21-1830255721-3727074217-2423397540-1107", "Hostname": "NASHUA.dmevals.local", "ServiceType": "user mode service", "ExecutionProcessID": 720, "ProviderGuid": "{555908D1-A6D7-4695-8E1E-26931D2012F4}"}
{"EventTime": "2020-05-01 23:15:03", "port": 60737, "Message": "A service was installed in the system.\r\n\r\nService Name:  PSEXESVC\r\nService File Name:  %SystemRoot%\\PSEXESVC.exe\r\nService Type:  user mode service\r\nService Start Type:  demand start\r\nService Account:  LocalSystem", "SourceModuleName": "eventlog", "EventID": 7045, "tags": ["mordorDataset"], "@version": "1", "StartType": "demand start", "SourceName": "Service Control Manager", "AccountType": "User", "host": "wec.internal.cloudapp.net", "Task": 0, "ThreadID": 5888, "EventReceivedTime": "2020-05-01 23:15:05", "ServiceName": "PSEXESVC", "ImagePath": "%SystemRoot%\\PSEXESVC.exe", "Domain": "DMEVALS", "Keywords": -9187343239835811840, "RecordNumber": 546, "SourceModuleType": "im_msvistalog", "@timestamp": "2020-05-02T03:15:05.589Z", "SeverityValue": 2, "Version": 0, "OpcodeValue": 0, "Severity": "INFO", "Channel": "System", "AccountName": "pbeesly", "EventType": "INFO", "UserID": "S-1-5-21-1830255721-3727074217-2423397540-1107", "Hostname": "NASHUA.dmevals.local", "ServiceType": "user mode service", "ExecutionProcessID": 720, "ProviderGuid": "{555908D1-A6D7-4695-8E1E-26931D2012F4}"}
{"EventTime": "2020-05-01 23:18:30", "port": 60737, "Message": "The process C:\\Windows\\System32\\RuntimeBroker.exe (SCRANTON) has initiated the restart of computer SCRANTON on behalf of user DMEVALS\\pbeesly for the following reason: Other (Unplanned)\r\n Reason Code: 0x0\r\n Shutdown Type: restart\r\n Comment: ", "param1": "C:\\Windows\\System32\\RuntimeBroker.exe (SCRANTON)", "EventID": 1074, "SourceModuleName": "eventlog", "tags": ["mordorDataset"], "@version": "1", "SourceName": "User32", "AccountType": "User", "host": "wec.internal.cloudapp.net", "Task": 0, "ThreadID": 1268, "EventReceivedTime": "2020-05-01 23:18:32", "param2": "SCRANTON", "Domain": "DMEVALS", "Keywords": -9187343239835811840, "RecordNumber": 552, "SourceModuleType": "im_msvistalog", "param7": "DMEVALS\\pbeesly", "@timestamp": "2020-05-02T03:18:32.234Z", "SeverityValue": 2, "Version": 0, "OpcodeValue": 0, "Severity": "INFO", "Channel": "System", "AccountName": "pbeesly", "param5": "restart", "param3": "Other (Unplanned)", "EventType": "INFO", "UserID": "S-1-5-21-1830255721-3727074217-2423397540-1107", "param4": "0x0", "Hostname": "SCRANTON.dmevals.local", "ExecutionProcessID": 516, "ProviderGuid": "{B0AA8734-56F7-41CC-B2F4-DE228E98B946}"}
{"EventTime": "2020-05-01 23:18:33", "port": 60737, "Message": "User Logoff Notification for Customer Experience Improvement Program", "Opcode": "Info", "EventID": 7002, "UserSid": "S-1-5-21-1830255721-3727074217-2423397540-1107", "SourceModuleName": "eventlog", "tags": ["mordorDataset"], "@version": "1", "SourceName": "Microsoft-Windows-Winlogon", "AccountType": "User", "host": "wec.internal.cloudapp.net", "Task": 1102, "ThreadID": 5244, "EventReceivedTime": "2020-05-01 23:18:35", "Domain": "NT AUTHORITY", "Keywords": 2305878193585782784, "RecordNumber": 553, "SourceModuleType": "im_msvistalog", "@timestamp": "2020-05-02T03:18:35.345Z", "SeverityValue": 2, "Version": 0, "OpcodeValue": 0, "Severity": "INFO", "Channel": "System", "AccountName": "SYSTEM", "TSId": "2", "EventType": "INFO", "UserID": "S-1-5-18", "Hostname": "SCRANTON.dmevals.local", "ExecutionProcessID": 4184, "ProviderGuid": "{DBE9B383-7CF3-4331-91CC-A3CB16A3B538}"}
{"EventTime": "2020-05-01 23:18:35", "port": 60737, "Message": "The WinRM service is not listening for WS-Management requests. \r\n\r\n User Action \r\n If you did not intentionally stop the service, use the following command to see the WinRM configuration: \r\n\r\n winrm enumerate winrm/config/listener", "Opcode": "Info", "EventID": 10149, "SourceModuleName": "eventlog", "tags": ["mordorDataset"], "@version": "1", "SourceName": "Microsoft-Windows-WinRM", "host": "wec.internal.cloudapp.net", "Task": 0, "ThreadID": 0, "EventReceivedTime": "2020-05-01 23:19:23", "Keywords": 36028797018963968, "RecordNumber": 554, "SourceModuleType": "im_msvistalog", "@timestamp": "2020-05-02T03:19:23.739Z", "SeverityValue": 3, "Version": 0, "OpcodeValue": 0, "Severity": "WARNING", "Channel": "System", "EventType": "WARNING", "Hostname": "SCRANTON.dmevals.local", "ExecutionProcessID": 0, "ProviderGuid": "{A7975C8F-AC13-49F1-87DA-5A984A4AB417}"}
{"ExecutionProcessID": 0, "port": 60737, "EventTime": "2020-05-01 23:18:35", "EventID": 6006, "tags": ["mordorDataset"], "@version": "1", "SourceName": "EventLog", "host": "wec.internal.cloudapp.net", "Task": 0, "ThreadID": 0, "EventReceivedTime": "2020-05-01 23:19:23", "Keywords": 36028797018963968, "RecordNumber": 555, "SourceModuleType": "im_msvistalog", "@timestamp": "2020-05-02T03:19:23.740Z", "SeverityValue": 2, "Severity": "INFO", "Channel": "System", "EventType": "INFO", "Hostname": "SCRANTON.dmevals.local", "Message": "The Event log service was stopped.", "SourceModuleName": "eventlog"}
{"EventTime": "2020-05-01 23:18:35", "port": 60737, "Message": "The system time has changed to \u200e2020\u200e-\u200e05\u200e-\u200e02T03:18:35.098738300Z from \u200e2020\u200e-\u200e05\u200e-\u200e02T03:18:35.094646400Z.\r\n\r\nChange Reason: An application or system component changed the time.\r\nProcess: '\\Device\\HarddiskVolume2\\Windows\\System32\\svchost.exe' (PID 3292).", "Opcode": "Info", "EventID": 1, "NewTime": "2020-05-02T03:18:35.098738300Z", "SourceModuleName": "eventlog", "tags": ["mordorDataset"], "@version": "1", "SourceName": "Microsoft-Windows-Kernel-General", "AccountType": "Well Known Group", "host": "wec.internal.cloudapp.net", "Task": 5, "ThreadID": 3736, "EventReceivedTime": "2020-05-01 23:19:23", "ProcessName": "\\Device\\HarddiskVolume2\\Windows\\System32\\svchost.exe", "Domain": "NT AUTHORITY", "Keywords": -9223372036854775792, "RecordNumber": 556, "SourceModuleType": "im_msvistalog", "@timestamp": "2020-05-02T03:19:23.747Z", "SeverityValue": 2, "Version": 2, "OpcodeValue": 0, "Severity": "INFO", "Channel": "System", "AccountName": "LOCAL SERVICE", "OldTime": "2020-05-02T03:18:35.094646400Z", "Reason": "1", "EventType": "INFO", "UserID": "S-1-5-19", "Hostname": "SCRANTON.dmevals.local", "ExecutionProcessID": 3292, "ProviderGuid": "{A68CA8B7-004F-D7B6-A698-07E2DE0F1F5D}"}
{"EventTime": "2020-05-01 23:18:35", "port": 60737, "Message": "DHCPv4 client received shutdown notification", "Opcode": "ServiceShutdown", "EventID": 50104, "SourceModuleName": "eventlog", "tags": ["mordorDataset"], "@version": "1", "SourceName": "Microsoft-Windows-Dhcp-Client", "AccountType": "Well Known Group", "host": "wec.internal.cloudapp.net", "Task": 4, "ThreadID": 1608, "EventReceivedTime": "2020-05-01 23:19:23", "Domain": "NT AUTHORITY", "Category": "Service State Event", "Keywords": 2305843009213693952, "RecordNumber": 557, "SourceModuleType": "im_msvistalog", "@timestamp": "2020-05-02T03:19:23.747Z", "SeverityValue": 2, "Version": 0, "OpcodeValue": 129, "Severity": "INFO", "Channel": "System", "AccountName": "LOCAL SERVICE", "EventType": "INFO", "UserID": "S-1-5-19", "Hostname": "SCRANTON.dmevals.local", "ExecutionProcessID": 1604, "ProviderGuid": "{15A7A4F8-0072-4EAB-ABAD-F98A4D666AED}"}
{"EventTime": "2020-05-01 23:18:35", "port": 60737, "Message": "DHCPv4 client ProcessDHCPRequestForever received TERMINATE_EVENT", "Opcode": "ServiceShutdown", "EventID": 50105, "SourceModuleName": "eventlog", "tags": ["mordorDataset"], "@version": "1", "SourceName": "Microsoft-Windows-Dhcp-Client", "AccountType": "Well Known Group", "host": "wec.internal.cloudapp.net", "Task": 4, "ThreadID": 1632, "EventReceivedTime": "2020-05-01 23:19:23", "Domain": "NT AUTHORITY", "Category": "Service State Event", "Keywords": 2305843009213693952, "RecordNumber": 558, "SourceModuleType": "im_msvistalog", "@timestamp": "2020-05-02T03:19:23.749Z", "SeverityValue": 2, "Version": 0, "OpcodeValue": 129, "Severity": "INFO", "Channel": "System", "AccountName": "LOCAL SERVICE", "EventType": "INFO", "UserID": "S-1-5-19", "Hostname": "SCRANTON.dmevals.local", "ExecutionProcessID": 1604, "ProviderGuid": "{15A7A4F8-0072-4EAB-ABAD-F98A4D666AED}"}
{"EventTime": "2020-05-01 23:18:35", "port": 60737, "Message": "DHCPv6 client service is stopped. ShutDown Flag value is 1", "Opcode": "ServiceStop", "EventID": 51047, "SourceModuleName": "eventlog", "tags": ["mordorDataset"], "@version": "1", "SourceName": "Microsoft-Windows-DHCPv6-Client", "AccountType": "Well Known Group", "host": "wec.internal.cloudapp.net", "Task": 4, "ThreadID": 1884, "EventReceivedTime": "2020-05-01 23:19:23", "Domain": "NT AUTHORITY", "Category": "Service State Event", "Keywords": 2305843009213693952, "RecordNumber": 559, "SourceModuleType": "im_msvistalog", "@timestamp": "2020-05-02T03:19:23.753Z", "SeverityValue": 2, "Version": 0, "OpcodeValue": 63, "Severity": "INFO", "Channel": "System", "AccountName": "LOCAL SERVICE", "EventType": "INFO", "UserID": "S-1-5-19", "DwordVal": "1", "Hostname": "SCRANTON.dmevals.local", "ExecutionProcessID": 1604, "ProviderGuid": "{6A1F2B00-6A90-4C38-95A5-5CAB3B056778}"}
{"EventTime": "2020-05-01 23:18:35", "port": 60737, "Message": "DHCPv6 client service stop is almost done.DHCP Context Ref count is 1", "Opcode": "ServiceStopWithRefCount", "EventID": 51057, "SourceModuleName": "eventlog", "tags": ["mordorDataset"], "@version": "1", "SourceName": "Microsoft-Windows-DHCPv6-Client", "AccountType": "Well Known Group", "host": "wec.internal.cloudapp.net", "Task": 4, "ThreadID": 1884, "EventReceivedTime": "2020-05-01 23:19:23", "Domain": "NT AUTHORITY", "Category": "Service State Event", "Keywords": 2305843009213693952, "RecordNumber": 560, "SourceModuleType": "im_msvistalog", "@timestamp": "2020-05-02T03:19:23.753Z", "SeverityValue": 2, "Version": 0, "OpcodeValue": 104, "Severity": "INFO", "Channel": "System", "AccountName": "LOCAL SERVICE", "EventType": "INFO", "UserID": "S-1-5-19", "DwordVal": "1", "Hostname": "SCRANTON.dmevals.local", "ExecutionProcessID": 1604, "ProviderGuid": "{6A1F2B00-6A90-4C38-95A5-5CAB3B056778}"}
{"EventTime": "2020-05-01 23:18:35", "port": 60737, "Message": "DHCPv4 is waiting on DHCPv6 service to stop", "Opcode": "ServiceShutdown", "EventID": 50106, "SourceModuleName": "eventlog", "tags": ["mordorDataset"], "@version": "1", "SourceName": "Microsoft-Windows-Dhcp-Client", "AccountType": "Well Known Group", "host": "wec.internal.cloudapp.net", "Task": 4, "ThreadID": 1632, "EventReceivedTime": "2020-05-01 23:19:23", "Domain": "NT AUTHORITY", "Category": "Service State Event", "Keywords": 2305843009213693952, "RecordNumber": 561, "SourceModuleType": "im_msvistalog", "@timestamp": "2020-05-02T03:19:23.754Z", "SeverityValue": 2, "Version": 0, "OpcodeValue": 129, "Severity": "INFO", "Channel": "System", "AccountName": "LOCAL SERVICE", "EventType": "INFO", "UserID": "S-1-5-19", "Hostname": "SCRANTON.dmevals.local", "ExecutionProcessID": 1604, "ProviderGuid": "{15A7A4F8-0072-4EAB-ABAD-F98A4D666AED}"}
{"EventTime": "2020-05-01 23:18:35", "port": 60737, "Message": "DHCPv4 client service is stopped. ShutDown Flag value is 1", "Opcode": "ServiceStop", "EventID": 50037, "SourceModuleName": "eventlog", "tags": ["mordorDataset"], "@version": "1", "SourceName": "Microsoft-Windows-Dhcp-Client", "AccountType": "Well Known Group", "host": "wec.internal.cloudapp.net", "Task": 4, "ThreadID": 1632, "EventReceivedTime": "2020-05-01 23:19:23", "Domain": "NT AUTHORITY", "Category": "Service State Event", "Keywords": 2305843009213693952, "RecordNumber": 562, "SourceModuleType": "im_msvistalog", "@timestamp": "2020-05-02T03:19:23.756Z", "SeverityValue": 2, "Version": 0, "OpcodeValue": 69, "Severity": "INFO", "Channel": "System", "AccountName": "LOCAL SERVICE", "EventType": "INFO", "UserID": "S-1-5-19", "DwordVal": "1", "Hostname": "SCRANTON.dmevals.local", "ExecutionProcessID": 1604, "ProviderGuid": "{15A7A4F8-0072-4EAB-ABAD-F98A4D666AED}"}
{"EventTime": "2020-05-01 23:18:39", "port": 60737, "Message": "The kernel power manager has initiated a shutdown transition.\r\n\r\nShutdown Reason: Kernel API", "Opcode": "Info", "EventID": 109, "SourceModuleName": "eventlog", "tags": ["mordorDataset"], "@version": "1", "SourceName": "Microsoft-Windows-Kernel-Power", "ShutdownReason": "5", "host": "wec.internal.cloudapp.net", "Task": 103, "ThreadID": 592, "EventReceivedTime": "2020-05-01 23:19:23", "ShutdownEventCode": "0", "ShutdownActionType": "5", "Keywords": -9223301668110597116, "RecordNumber": 563, "SourceModuleType": "im_msvistalog", "@timestamp": "2020-05-02T03:19:23.767Z", "SeverityValue": 2, "Version": 0, "OpcodeValue": 0, "Severity": "INFO", "Channel": "System", "EventType": "INFO", "Hostname": "SCRANTON.dmevals.local", "ExecutionProcessID": 588, "ProviderGuid": "{331C3B3A-2005-44C2-AC5E-77220C37D6B4}"}
{"EventTime": "2020-05-01 23:18:42", "port": 60737, "Message": "The operating system is shutting down at system time \u200e2020\u200e-\u200e05\u200e-\u200e02T03:18:42.804001900Z.", "Opcode": "Info", "EventID": 13, "SourceModuleName": "eventlog", "tags": ["mordorDataset"], "@version": "1", "SourceName": "Microsoft-Windows-Kernel-General", "host": "wec.internal.cloudapp.net", "Task": 2, "ThreadID": 8268, "EventReceivedTime": "2020-05-01 23:19:23", "Keywords": -9223372036854775680, "RecordNumber": 564, "SourceModuleType": "im_msvistalog", "@timestamp": "2020-05-02T03:19:23.768Z", "SeverityValue": 2, "Version": 0, "OpcodeValue": 0, "Severity": "INFO", "Channel": "System", "StopTime": "2020-05-02T03:18:42.804001900Z", "EventType": "INFO", "Hostname": "SCRANTON.dmevals.local", "ExecutionProcessID": 4, "ProviderGuid": "{A68CA8B7-004F-D7B6-A698-07E2DE0F1F5D}"}
{"EventTime": "2020-05-01 23:18:52", "port": 60737, "Message": "The operating system started at system time \u200e2020\u200e-\u200e05\u200e-\u200e02T03:18:52.500000000Z.", "Opcode": "Info", "EventID": 12, "QfeVersion": "720", "SourceModuleName": "eventlog", "BuildVersion": "18362", "@version": "1", "tags": ["mordorDataset"], "SourceName": "Microsoft-Windows-Kernel-General", "AccountType": "User", "ServiceVersion": "0", "host": "wec.internal.cloudapp.net", "Task": 1, "ThreadID": 8, "EventReceivedTime": "2020-05-01 23:19:23", "MajorVersion": "10", "Domain": "NT AUTHORITY", "Keywords": -9223372036854775680, "RecordNumber": 565, "SourceModuleType": "im_msvistalog", "MinorVersion": "0", "@timestamp": "2020-05-02T03:19:23.768Z", "SeverityValue": 2, "Version": 0, "OpcodeValue": 0, "Severity": "INFO", "Channel": "System", "AccountName": "SYSTEM", "BootMode": "0", "EventType": "INFO", "UserID": "S-1-5-18", "StartTime": "2020-05-02T03:18:52.500000000Z", "Hostname": "SCRANTON.dmevals.local", "ExecutionProcessID": 4, "ProviderGuid": "{A68CA8B7-004F-D7B6-A698-07E2DE0F1F5D}"}
{"ExecutionProcessID": 0, "port": 60737, "EventTime": "2020-05-01 23:19:11", "EventID": 6009, "tags": ["mordorDataset"], "@version": "1", "SourceName": "EventLog", "host": "wec.internal.cloudapp.net", "Task": 0, "ThreadID": 0, "EventReceivedTime": "2020-05-01 23:19:23", "Keywords": 36028797018963968, "RecordNumber": 566, "SourceModuleType": "im_msvistalog", "@timestamp": "2020-05-02T03:19:23.769Z", "SeverityValue": 2, "Severity": "INFO", "Channel": "System", "EventType": "INFO", "Hostname": "SCRANTON.dmevals.local", "Message": "Microsoft (R) Windows (R) 10.00. 18362  Multiprocessor Free.", "SourceModuleName": "eventlog"}
{"ExecutionProcessID": 0, "port": 60737, "EventTime": "2020-05-01 23:19:11", "EventID": 6005, "tags": ["mordorDataset"], "@version": "1", "SourceName": "EventLog", "host": "wec.internal.cloudapp.net", "Task": 0, "ThreadID": 0, "EventReceivedTime": "2020-05-01 23:19:23", "Keywords": 36028797018963968, "RecordNumber": 567, "SourceModuleType": "im_msvistalog", "@timestamp": "2020-05-02T03:19:23.769Z", "SeverityValue": 2, "Severity": "INFO", "Channel": "System", "EventType": "INFO", "Hostname": "SCRANTON.dmevals.local", "Message": "The Event log service was started.", "SourceModuleName": "eventlog"}
{"ExecutionProcessID": 0, "port": 60737, "EventTime": "2020-05-01 23:19:11", "EventID": 6013, "tags": ["mordorDataset"], "@version": "1", "SourceName": "EventLog", "host": "wec.internal.cloudapp.net", "Task": 0, "ThreadID": 0, "EventReceivedTime": "2020-05-01 23:19:23", "Keywords": 36028797018963968, "RecordNumber": 568, "SourceModuleType": "im_msvistalog", "@timestamp": "2020-05-02T03:19:23.771Z", "SeverityValue": 2, "Severity": "INFO", "Channel": "System", "EventType": "INFO", "Hostname": "SCRANTON.dmevals.local", "Message": "The system uptime is 19 seconds.", "SourceModuleName": "eventlog"}
{"EventTime": "2020-05-01 23:18:52", "port": 60737, "Message": "Virtualization-based security (policies: 0) is disabled.", "Opcode": "Info", "EventID": 153, "EnableDisableReason": "0", "SourceModuleName": "eventlog", "tags": ["mordorDataset"], "@version": "1", "SourceName": "Microsoft-Windows-Kernel-Boot", "AccountType": "User", "host": "wec.internal.cloudapp.net", "Task": 62, "ThreadID": 8, "EventReceivedTime": "2020-05-01 23:19:23", "Domain": "NT AUTHORITY", "Keywords": -9223372036854775808, "RecordNumber": 569, "SourceModuleType": "im_msvistalog", "@timestamp": "2020-05-02T03:19:23.773Z", "SeverityValue": 2, "Version": 0, "OpcodeValue": 0, "Severity": "INFO", "Channel": "System", "AccountName": "SYSTEM", "Status": "0", "VsmPolicy": "0", "EventType": "INFO", "UserID": "S-1-5-18", "Hostname": "SCRANTON.dmevals.local", "ExecutionProcessID": 4, "ProviderGuid": "{15CA44FF-4D7A-4BAA-BBA5-0998955E531E}"}
{"EventTime": "2020-05-01 23:18:52", "port": 60737, "Message": "The last shutdown's success status was true. The last boot's success status was true.", "Opcode": "Info", "EventID": 20, "SourceModuleName": "eventlog", "tags": ["mordorDataset"], "@version": "1", "SourceName": "Microsoft-Windows-Kernel-Boot", "AccountType": "User", "host": "wec.internal.cloudapp.net", "Task": 31, "ThreadID": 8, "EventReceivedTime": "2020-05-01 23:19:23", "Domain": "NT AUTHORITY", "LastShutdownGood": "true", "LastBootGood": "true", "BootStatusPolicy": "1", "Keywords": -9223372036854775808, "RecordNumber": 570, "SourceModuleType": "im_msvistalog", "@timestamp": "2020-05-02T03:19:23.776Z", "SeverityValue": 2, "Version": 1, "OpcodeValue": 0, "Severity": "INFO", "Channel": "System", "AccountName": "SYSTEM", "EventType": "INFO", "UserID": "S-1-5-18", "LastBootId": "4", "Hostname": "SCRANTON.dmevals.local", "ExecutionProcessID": 4, "ProviderGuid": "{15CA44FF-4D7A-4BAA-BBA5-0998955E531E}"}
{"EventTime": "2020-05-01 23:18:52", "port": 60737, "Message": "The boot menu policy was 0x1.", "Opcode": "Info", "EventID": 25, "SourceModuleName": "eventlog", "tags": ["mordorDataset"], "@version": "1", "SourceName": "Microsoft-Windows-Kernel-Boot", "AccountType": "User", "host": "wec.internal.cloudapp.net", "Task": 32, "ThreadID": 8, "EventReceivedTime": "2020-05-01 23:19:23", "BootMenuPolicy": "1", "Domain": "NT AUTHORITY", "Keywords": -9223372036854775808, "RecordNumber": 571, "SourceModuleType": "im_msvistalog", "@timestamp": "2020-05-02T03:19:23.776Z", "SeverityValue": 2, "Version": 0, "OpcodeValue": 0, "Severity": "INFO", "Channel": "System", "AccountName": "SYSTEM", "EventType": "INFO", "UserID": "S-1-5-18", "Hostname": "SCRANTON.dmevals.local", "ExecutionProcessID": 4, "ProviderGuid": "{15CA44FF-4D7A-4BAA-BBA5-0998955E531E}"}
{"EventTime": "2020-05-01 23:18:52", "port": 60737, "Message": "The boot type was 0x0.", "Opcode": "Info", "EventID": 27, "SourceModuleName": "eventlog", "tags": ["mordorDataset"], "@version": "1", "SourceName": "Microsoft-Windows-Kernel-Boot", "AccountType": "User", "host": "wec.internal.cloudapp.net", "Task": 33, "ThreadID": 8, "EventReceivedTime": "2020-05-01 23:19:23", "Domain": "NT AUTHORITY", "LoadOptions": " NOEXECUTE=OPTIN  REDIRECT", "Keywords": -9223372036854775808, "RecordNumber": 572, "SourceModuleType": "im_msvistalog", "@timestamp": "2020-05-02T03:19:23.777Z", "SeverityValue": 2, "Version": 1, "OpcodeValue": 0, "Severity": "INFO", "Channel": "System", "AccountName": "SYSTEM", "EventType": "INFO", "UserID": "S-1-5-18", "Hostname": "SCRANTON.dmevals.local", "BootType": "0", "ExecutionProcessID": 4, "ProviderGuid": "{15CA44FF-4D7A-4BAA-BBA5-0998955E531E}"}
{"EventTime": "2020-05-01 23:18:52", "port": 60737, "Message": "There are 0x1 boot options on this system.", "Opcode": "Info", "EventID": 18, "SourceModuleName": "eventlog", "tags": ["mordorDataset"], "@version": "1", "SourceName": "Microsoft-Windows-Kernel-Boot", "AccountType": "User", "host": "wec.internal.cloudapp.net", "Task": 57, "ThreadID": 8, "EventReceivedTime": "2020-05-01 23:19:23", "EntryCount": "1", "Domain": "NT AUTHORITY", "Keywords": -9223372036854775808, "RecordNumber": 573, "SourceModuleType": "im_msvistalog", "@timestamp": "2020-05-02T03:19:23.778Z", "SeverityValue": 2, "Version": 0, "OpcodeValue": 0, "Severity": "INFO", "Channel": "System", "AccountName": "SYSTEM", "EventType": "INFO", "UserID": "S-1-5-18", "Hostname": "SCRANTON.dmevals.local", "ExecutionProcessID": 4, "ProviderGuid": "{15CA44FF-4D7A-4BAA-BBA5-0998955E531E}"}
{"EventTime": "2020-05-01 23:18:52", "port": 60737, "Message": "The bootmgr spent 0 ms waiting for user input.", "Opcode": "Info", "EventID": 32, "SourceModuleName": "eventlog", "tags": ["mordorDataset"], "@version": "1", "BitlockerUserInputTime": "0", "SourceName": "Microsoft-Windows-Kernel-Boot", "AccountType": "User", "host": "wec.internal.cloudapp.net", "Task": 58, "ThreadID": 8, "EventReceivedTime": "2020-05-01 23:19:23", "Domain": "NT AUTHORITY", "Keywords": -9223372036854775808, "RecordNumber": 574, "SourceModuleType": "im_msvistalog", "@timestamp": "2020-05-02T03:19:23.778Z", "SeverityValue": 2, "Version": 0, "OpcodeValue": 0, "Severity": "INFO", "Channel": "System", "AccountName": "SYSTEM", "EventType": "INFO", "UserID": "S-1-5-18", "Hostname": "SCRANTON.dmevals.local", "ExecutionProcessID": 4, "ProviderGuid": "{15CA44FF-4D7A-4BAA-BBA5-0998955E531E}"}
{"EventTime": "2020-05-01 23:18:52", "port": 60737, "Message": "The leap second configuration has been updated.\r\nReason: Leap second data initialized from registry during boot\r\nLeap seconds enabled: true\r\nNew leap second count: 0\r\nOld leap second count: 0", "Opcode": "Info", "EventID": 20, "SourceModuleName": "eventlog", "tags": ["mordorDataset"], "@version": "1", "SourceName": "Microsoft-Windows-Kernel-General", "AccountType": "User", "host": "wec.internal.cloudapp.net", "Task": 6, "ThreadID": 8, "CountOld": "0", "EventReceivedTime": "2020-05-01 23:19:23", "Domain": "NT AUTHORITY", "CountNew": "0", "Keywords": -9223372036854775792, "RecordNumber": 575, "EnabledNew": "true", "SourceModuleType": "im_msvistalog", "@timestamp": "2020-05-02T03:19:23.778Z", "SeverityValue": 2, "Version": 0, "OpcodeValue": 0, "UpdateReason": "0", "Severity": "INFO", "Channel": "System", "AccountName": "SYSTEM", "EventType": "INFO", "UserID": "S-1-5-18", "Hostname": "SCRANTON.dmevals.local", "ExecutionProcessID": 4, "ProviderGuid": "{A68CA8B7-004F-D7B6-A698-07E2DE0F1F5D}"}
{"EventTime": "2020-05-01 23:18:53", "port": 60737, "Message": "File System Filter 'FileInfo' (10.0, \u200e1989\u200e-\u200e07\u200e-\u200e12T21:15:12.000000000Z) has successfully loaded and registered with Filter Manager.", "Opcode": "Info", "EventID": 6, "SourceModuleName": "eventlog", "tags": ["mordorDataset"], "@version": "1", "SourceName": "Microsoft-Windows-FilterManager", "AccountType": "User", "host": "wec.internal.cloudapp.net", "Task": 0, "ThreadID": 8, "EventReceivedTime": "2020-05-01 23:19:23", "DeviceName": "FileInfo", "Domain": "NT AUTHORITY", "DeviceNameLength": "8", "DeviceTime": "1989-07-12T21:15:12.000000000Z", "Keywords": -9223372036854775808, "RecordNumber": 576, "SourceModuleType": "im_msvistalog", "@timestamp": "2020-05-02T03:19:23.781Z", "SeverityValue": 2, "Version": 0, "OpcodeValue": 0, "Severity": "INFO", "Channel": "System", "AccountName": "SYSTEM", "DeviceVersionMajor": "10", "DeviceVersionMinor": "0", "EventType": "INFO", "UserID": "S-1-5-18", "Hostname": "SCRANTON.dmevals.local", "FinalStatus": "0x0", "ExecutionProcessID": 4, "ProviderGuid": "{F3C5E28E-63F6-49C7-A204-E48A1BC4B09D}"}
{"EventTime": "2020-05-01 23:18:53", "port": 60737, "Message": "File System Filter 'Wof' (10.0, \u200e2096\u200e-\u200e10\u200e-\u200e27T09:24:16.000000000Z) has successfully loaded and registered with Filter Manager.", "Opcode": "Info", "EventID": 6, "SourceModuleName": "eventlog", "tags": ["mordorDataset"], "@version": "1", "SourceName": "Microsoft-Windows-FilterManager", "AccountType": "User", "host": "wec.internal.cloudapp.net", "Task": 0, "ThreadID": 8, "EventReceivedTime": "2020-05-01 23:19:23", "DeviceName": "Wof", "Domain": "NT AUTHORITY", "DeviceNameLength": "3", "DeviceTime": "2096-10-27T09:24:16.000000000Z", "Keywords": -9223372036854775808, "RecordNumber": 577, "SourceModuleType": "im_msvistalog", "@timestamp": "2020-05-02T03:19:23.782Z", "SeverityValue": 2, "Version": 0, "OpcodeValue": 0, "Severity": "INFO", "Channel": "System", "AccountName": "SYSTEM", "DeviceVersionMajor": "10", "DeviceVersionMinor": "0", "EventType": "INFO", "UserID": "S-1-5-18", "Hostname": "SCRANTON.dmevals.local", "FinalStatus": "0x0", "ExecutionProcessID": 4, "ProviderGuid": "{F3C5E28E-63F6-49C7-A204-E48A1BC4B09D}"}
{"EventTime": "2020-05-01 23:18:53", "port": 60737, "Message": "File System Filter 'WdFilter' (10.0, \u200e2073\u200e-\u200e10\u200e-\u200e13T05:22:50.000000000Z) has successfully loaded and registered with Filter Manager.", "Opcode": "Info", "EventID": 6, "SourceModuleName": "eventlog", "tags": ["mordorDataset"], "@version": "1", "SourceName": "Microsoft-Windows-FilterManager", "AccountType": "User", "host": "wec.internal.cloudapp.net", "Task": 0, "ThreadID": 8, "EventReceivedTime": "2020-05-01 23:19:23", "DeviceName": "WdFilter", "Domain": "NT AUTHORITY", "DeviceNameLength": "8", "DeviceTime": "2073-10-13T05:22:50.000000000Z", "Keywords": -9223372036854775808, "RecordNumber": 578, "SourceModuleType": "im_msvistalog", "@timestamp": "2020-05-02T03:19:23.782Z", "SeverityValue": 2, "Version": 0, "OpcodeValue": 0, "Severity": "INFO", "Channel": "System", "AccountName": "SYSTEM", "DeviceVersionMajor": "10", "DeviceVersionMinor": "0", "EventType": "INFO", "UserID": "S-1-5-18", "Hostname": "SCRANTON.dmevals.local", "FinalStatus": "0x0", "ExecutionProcessID": 4, "ProviderGuid": "{F3C5E28E-63F6-49C7-A204-E48A1BC4B09D}"}
{"EventTime": "2020-05-01 23:18:53", "port": 60737, "Message": "File System Filter 'SysmonDrv' (0.0, \u200e2020\u200e-\u200e04\u200e-\u200e27T11:29:43.000000000Z) has successfully loaded and registered with Filter Manager.", "Opcode": "Info", "EventID": 6, "SourceModuleName": "eventlog", "tags": ["mordorDataset"], "@version": "1", "SourceName": "Microsoft-Windows-FilterManager", "AccountType": "User", "host": "wec.internal.cloudapp.net", "Task": 0, "ThreadID": 8, "EventReceivedTime": "2020-05-01 23:19:23", "DeviceName": "SysmonDrv", "Domain": "NT AUTHORITY", "DeviceNameLength": "9", "DeviceTime": "2020-04-27T11:29:43.000000000Z", "Keywords": -9223372036854775808, "RecordNumber": 579, "SourceModuleType": "im_msvistalog", "@timestamp": "2020-05-02T03:19:23.784Z", "SeverityValue": 2, "Version": 0, "OpcodeValue": 0, "Severity": "INFO", "Channel": "System", "AccountName": "SYSTEM", "DeviceVersionMajor": "0", "DeviceVersionMinor": "0", "EventType": "INFO", "UserID": "S-1-5-18", "Hostname": "SCRANTON.dmevals.local", "FinalStatus": "0x0", "ExecutionProcessID": 4, "ProviderGuid": "{F3C5E28E-63F6-49C7-A204-E48A1BC4B09D}"}
{"EventTime": "2020-05-01 23:18:54", "port": 60737, "Message": "Volume C: (\\Device\\HarddiskVolume2) is healthy.  No action is needed.", "Opcode": "Info", "EventID": 98, "SourceModuleName": "eventlog", "CorruptionActionState": "0", "tags": ["mordorDataset"], "@version": "1", "SourceName": "Microsoft-Windows-Ntfs", "AccountType": "User", "host": "wec.internal.cloudapp.net", "Task": 0, "ThreadID": 356, "EventReceivedTime": "2020-05-01 23:19:23", "DeviceName": "\\Device\\HarddiskVolume2", "Domain": "NT AUTHORITY", "Keywords": -9223372036854775806, "RecordNumber": 580, "SourceModuleType": "im_msvistalog", "@timestamp": "2020-05-02T03:19:23.785Z", "SeverityValue": 2, "Version": 0, "OpcodeValue": 0, "Severity": "INFO", "Channel": "System", "AccountName": "SYSTEM", "DriveName": "C:", "EventType": "INFO", "UserID": "S-1-5-18", "Hostname": "SCRANTON.dmevals.local", "ExecutionProcessID": 4, "ProviderGuid": "{3FF37A1C-A68D-4D6E-8C9B-F79E8B16C482}"}
{"ExecutionProcessID": 0, "port": 60737, "EventTime": "2020-05-01 23:18:54", "EventID": 46, "tags": ["mordorDataset"], "@version": "1", "SourceName": "volmgr", "host": "wec.internal.cloudapp.net", "Task": 0, "ThreadID": 0, "EventReceivedTime": "2020-05-01 23:19:23", "Keywords": 36028797018963968, "RecordNumber": 581, "SourceModuleType": "im_msvistalog", "@timestamp": "2020-05-02T03:19:23.787Z", "SeverityValue": 4, "Severity": "ERROR", "Channel": "System", "EventType": "ERROR", "Hostname": "SCRANTON.dmevals.local", "Message": "Crash dump initialization failed!", "SourceModuleName": "eventlog"}
{"EventTime": "2020-05-01 23:18:54", "port": 60737, "Message": "File System Filter 'FileCrypt' (10.0, \u200e2011\u200e-\u200e10\u200e-\u200e30T11:56:49.000000000Z) has successfully loaded and registered with Filter Manager.", "Opcode": "Info", "EventID": 6, "SourceModuleName": "eventlog", "tags": ["mordorDataset"], "@version": "1", "SourceName": "Microsoft-Windows-FilterManager", "AccountType": "User", "host": "wec.internal.cloudapp.net", "Task": 0, "ThreadID": 8, "EventReceivedTime": "2020-05-01 23:19:23", "DeviceName": "FileCrypt", "Domain": "NT AUTHORITY", "DeviceNameLength": "9", "DeviceTime": "2011-10-30T11:56:49.000000000Z", "Keywords": -9223372036854775808, "RecordNumber": 582, "SourceModuleType": "im_msvistalog", "@timestamp": "2020-05-02T03:19:23.790Z", "SeverityValue": 2, "Version": 0, "OpcodeValue": 0, "Severity": "INFO", "Channel": "System", "AccountName": "SYSTEM", "DeviceVersionMajor": "10", "DeviceVersionMinor": "0", "EventType": "INFO", "UserID": "S-1-5-18", "Hostname": "SCRANTON.dmevals.local", "FinalStatus": "0x0", "ExecutionProcessID": 4, "ProviderGuid": "{F3C5E28E-63F6-49C7-A204-E48A1BC4B09D}"}
{"EventTime": "2020-05-01 23:18:54", "port": 60737, "Message": "File System Filter 'npsvctrig' (10.0, \u200e1977\u200e-\u200e09\u200e-\u200e12T11:19:34.000000000Z) has successfully loaded and registered with Filter Manager.", "Opcode": "Info", "EventID": 6, "SourceModuleName": "eventlog", "tags": ["mordorDataset"], "@version": "1", "SourceName": "Microsoft-Windows-FilterManager", "AccountType": "User", "host": "wec.internal.cloudapp.net", "Task": 0, "ThreadID": 8, "EventReceivedTime": "2020-05-01 23:19:23", "DeviceName": "npsvctrig", "Domain": "NT AUTHORITY", "DeviceNameLength": "9", "DeviceTime": "1977-09-12T11:19:34.000000000Z", "Keywords": -9223372036854775808, "RecordNumber": 583, "SourceModuleType": "im_msvistalog", "@timestamp": "2020-05-02T03:19:23.792Z", "SeverityValue": 2, "Version": 0, "OpcodeValue": 0, "Severity": "INFO", "Channel": "System", "AccountName": "SYSTEM", "DeviceVersionMajor": "10", "DeviceVersionMinor": "0", "EventType": "INFO", "UserID": "S-1-5-18", "Hostname": "SCRANTON.dmevals.local", "FinalStatus": "0x0", "ExecutionProcessID": 4, "ProviderGuid": "{F3C5E28E-63F6-49C7-A204-E48A1BC4B09D}"}
{"EventTime": "2020-05-01 23:18:54", "port": 60737, "Message": "Volume \\\\?\\Volume{d1b3f076-0000-0000-0000-100000000000} (\\Device\\HarddiskVolume1) is healthy.  No action is needed.", "Opcode": "Info", "EventID": 98, "SourceModuleName": "eventlog", "CorruptionActionState": "0", "tags": ["mordorDataset"], "@version": "1", "SourceName": "Microsoft-Windows-Ntfs", "AccountType": "User", "host": "wec.internal.cloudapp.net", "Task": 0, "ThreadID": 376, "EventReceivedTime": "2020-05-01 23:19:23", "DeviceName": "\\Device\\HarddiskVolume1", "Domain": "NT AUTHORITY", "Keywords": -9223372036854775806, "RecordNumber": 584, "SourceModuleType": "im_msvistalog", "@timestamp": "2020-05-02T03:19:23.795Z", "SeverityValue": 2, "Version": 0, "OpcodeValue": 0, "Severity": "INFO", "Channel": "System", "AccountName": "SYSTEM", "DriveName": "\\\\?\\Volume{d1b3f076-0000-0000-0000-100000000000}", "EventType": "INFO", "UserID": "S-1-5-18", "Hostname": "SCRANTON.dmevals.local", "ExecutionProcessID": 4, "ProviderGuid": "{3FF37A1C-A68D-4D6E-8C9B-F79E8B16C482}"}
{"EventTime": "2020-05-01 23:18:54", "port": 60737, "Message": "Connectivity state in standby: Disconnected, Reason: NIC compliance", "Opcode": "Info", "EventID": 172, "State": "2", "SourceModuleName": "eventlog", "tags": ["mordorDataset"], "@version": "1", "SourceName": "Microsoft-Windows-Kernel-Power", "AccountType": "User", "host": "wec.internal.cloudapp.net", "Task": 203, "ThreadID": 188, "EventReceivedTime": "2020-05-01 23:19:24", "Domain": "NT AUTHORITY", "Keywords": -9223372036854774780, "RecordNumber": 585, "SourceModuleType": "im_msvistalog", "@timestamp": "2020-05-02T03:19:24.812Z", "SeverityValue": 2, "Version": 0, "OpcodeValue": 0, "Severity": "INFO", "Channel": "System", "AccountName": "SYSTEM", "Reason": "6", "EventType": "INFO", "UserID": "S-1-5-18", "Hostname": "SCRANTON.dmevals.local", "ExecutionProcessID": 4, "ProviderGuid": "{331C3B3A-2005-44C2-AC5E-77220C37D6B4}"}
{"EventTime": "2020-05-01 23:19:04", "port": 60737, "Message": "The VM and host networking components successfully negotiated protocol version '6.1'", "Opcode": "Info", "EventID": 1, "SourceModuleName": "eventlog", "tags": ["mordorDataset"], "@version": "1", "SourceName": "Microsoft-Windows-Hyper-V-Netvsc", "AccountType": "User", "host": "wec.internal.cloudapp.net", "Task": 1001, "ThreadID": 32, "EventReceivedTime": "2020-05-01 23:19:24", "Domain": "NT AUTHORITY", "Keywords": -9223372036854775808, "RecordNumber": 586, "VersionLen": "3", "SourceModuleType": "im_msvistalog", "@timestamp": "2020-05-02T03:19:24.814Z", "SeverityValue": 2, "Version": 0, "OpcodeValue": 0, "Severity": "INFO", "Channel": "System", "AccountName": "SYSTEM", "Status": "0", "EventType": "INFO", "UserID": "S-1-5-18", "Hostname": "SCRANTON.dmevals.local", "ExecutionProcessID": 4, "ProviderGuid": "{152FBE4B-C7AD-4F68-BADA-A4FCC1464F6C}"}
{"EventTime": "2020-05-01 23:19:04", "port": 60737, "Message": "Processor 0 in group 0 exposes the following power management capabilities:\r\n\r\nIdle state type: ACPI Idle (C) States (1 state(s))\r\n\r\nPerformance state type: None\r\nNominal Frequency (MHz): 2295\r\nMaximum performance percentage: 100\r\nMinimum performance percentage: 100\r\nMinimum throttle percentage: 100", "Opcode": "Info", "EventID": 55, "Number": "0", "MinimumPerformancePercent": "100", "SourceModuleName": "eventlog", "@version": "1", "tags": ["mordorDataset"], "MinimumThrottlePercent": "100", "SourceName": "Microsoft-Windows-Kernel-Processor-Power", "AccountType": "User", "NominalFrequency": "2295", "host": "wec.internal.cloudapp.net", "Task": 47, "ThreadID": 376, "EventReceivedTime": "2020-05-01 23:19:24", "Domain": "NT AUTHORITY", "Group": "0", "Keywords": -9223372036854775808, "RecordNumber": 587, "SourceModuleType": "im_msvistalog", "@timestamp": "2020-05-02T03:19:24.817Z", "PerformanceImplementation": "0", "IdleStateCount": "1", "SeverityValue": 2, "Version": 0, "OpcodeValue": 0, "Severity": "INFO", "Channel": "System", "AccountName": "SYSTEM", "EventType": "INFO", "UserID": "S-1-5-18", "MaximumPerformancePercent": "100", "Hostname": "SCRANTON.dmevals.local", "IdleImplementation": "1", "ExecutionProcessID": 4, "ProviderGuid": "{0F67E49F-FE51-4E9F-B490-6F2948CC6027}"}
{"EventTime": "2020-05-01 23:19:04", "port": 60737, "Message": "Processor 1 in group 0 exposes the following power management capabilities:\r\n\r\nIdle state type: ACPI Idle (C) States (1 state(s))\r\n\r\nPerformance state type: None\r\nNominal Frequency (MHz): 2295\r\nMaximum performance percentage: 100\r\nMinimum performance percentage: 100\r\nMinimum throttle percentage: 100", "Opcode": "Info", "EventID": 55, "Number": "1", "MinimumPerformancePercent": "100", "SourceModuleName": "eventlog", "@version": "1", "tags": ["mordorDataset"], "MinimumThrottlePercent": "100", "SourceName": "Microsoft-Windows-Kernel-Processor-Power", "AccountType": "User", "NominalFrequency": "2295", "host": "wec.internal.cloudapp.net", "Task": 47, "ThreadID": 376, "EventReceivedTime": "2020-05-01 23:19:24", "Domain": "NT AUTHORITY", "Group": "0", "Keywords": -9223372036854775808, "RecordNumber": 588, "SourceModuleType": "im_msvistalog", "@timestamp": "2020-05-02T03:19:24.824Z", "PerformanceImplementation": "0", "IdleStateCount": "1", "SeverityValue": 2, "Version": 0, "OpcodeValue": 0, "Severity": "INFO", "Channel": "System", "AccountName": "SYSTEM", "EventType": "INFO", "UserID": "S-1-5-18", "MaximumPerformancePercent": "100", "Hostname": "SCRANTON.dmevals.local", "IdleImplementation": "1", "ExecutionProcessID": 4, "ProviderGuid": "{0F67E49F-FE51-4E9F-B490-6F2948CC6027}"}
{"EventTime": "2020-05-01 23:19:04", "port": 60737, "Message": "The miniport 'Microsoft Hyper-V Network Adapter' was successfully initialized", "Opcode": "Info", "EventID": 3, "SourceModuleName": "eventlog", "tags": ["mordorDataset"], "@version": "1", "MiniportNameLen": "33", "MiniportName": "Microsoft Hyper-V Network Adapter", "SourceName": "Microsoft-Windows-Hyper-V-Netvsc", "AccountType": "User", "host": "wec.internal.cloudapp.net", "Task": 1002, "ThreadID": 32, "EventReceivedTime": "2020-05-01 23:19:24", "Domain": "NT AUTHORITY", "Keywords": -9223372036854775808, "RecordNumber": 589, "SourceModuleType": "im_msvistalog", "@timestamp": "2020-05-02T03:19:24.825Z", "SeverityValue": 2, "Version": 0, "OpcodeValue": 0, "Severity": "INFO", "Channel": "System", "AccountName": "SYSTEM", "EventType": "INFO", "UserID": "S-1-5-18", "Hostname": "SCRANTON.dmevals.local", "ExecutionProcessID": 4, "ProviderGuid": "{152FBE4B-C7AD-4F68-BADA-A4FCC1464F6C}"}
{"EventTime": "2020-05-01 23:19:05", "port": 60737, "Message": "Volume D: (\\Device\\HarddiskVolume3) is healthy.  No action is needed.", "Opcode": "Info", "EventID": 98, "SourceModuleName": "eventlog", "CorruptionActionState": "0", "tags": ["mordorDataset"], "@version": "1", "SourceName": "Microsoft-Windows-Ntfs", "AccountType": "User", "host": "wec.internal.cloudapp.net", "Task": 0, "ThreadID": 356, "EventReceivedTime": "2020-05-01 23:19:24", "DeviceName": "\\Device\\HarddiskVolume3", "Domain": "NT AUTHORITY", "Keywords": -9223372036854775806, "RecordNumber": 590, "SourceModuleType": "im_msvistalog", "@timestamp": "2020-05-02T03:19:24.826Z", "SeverityValue": 2, "Version": 0, "OpcodeValue": 0, "Severity": "INFO", "Channel": "System", "AccountName": "SYSTEM", "DriveName": "D:", "EventType": "INFO", "UserID": "S-1-5-18", "Hostname": "SCRANTON.dmevals.local", "ExecutionProcessID": 4, "ProviderGuid": "{3FF37A1C-A68D-4D6E-8C9B-F79E8B16C482}"}
{"EventTime": "2020-05-01 23:19:06", "port": 60737, "Message": "Miniport NIC 'Microsoft Hyper-V Network Adapter' restarted", "Opcode": "Info", "EventID": 11, "SourceModuleName": "eventlog", "tags": ["mordorDataset"], "@version": "1", "MiniportNameLen": "33", "MiniportName": "Microsoft Hyper-V Network Adapter", "SourceName": "Microsoft-Windows-Hyper-V-Netvsc", "AccountType": "User", "host": "wec.internal.cloudapp.net", "Task": 1003, "ThreadID": 384, "EventReceivedTime": "2020-05-01 23:19:24", "Domain": "NT AUTHORITY", "Keywords": -9223372036854775808, "RecordNumber": 591, "SourceModuleType": "im_msvistalog", "@timestamp": "2020-05-02T03:19:24.827Z", "SeverityValue": 2, "Version": 0, "OpcodeValue": 0, "Severity": "INFO", "Channel": "System", "AccountName": "SYSTEM", "EventType": "INFO", "UserID": "S-1-5-18", "Hostname": "SCRANTON.dmevals.local", "ExecutionProcessID": 4, "ProviderGuid": "{152FBE4B-C7AD-4F68-BADA-A4FCC1464F6C}"}
{"EventTime": "2020-05-01 23:19:09", "port": 60737, "Message": "Credential Guard configuration: 0x0, 0", "Opcode": "Info", "EventID": 14, "SourceModuleName": "eventlog", "tags": ["mordorDataset"], "@version": "1", "SourceName": "Microsoft-Windows-Wininit", "AccountType": "User", "host": "wec.internal.cloudapp.net", "Task": 0, "ThreadID": 608, "EventReceivedTime": "2020-05-01 23:19:24", "Domain": "NT AUTHORITY", "Config": "0", "Keywords": 4611686018427387904, "RecordNumber": 592, "SourceModuleType": "im_msvistalog", "IsTestConfig": "0", "@timestamp": "2020-05-02T03:19:24.828Z", "SeverityValue": 2, "Version": 0, "OpcodeValue": 0, "Severity": "INFO", "Channel": "System", "AccountName": "SYSTEM", "EventType": "INFO", "UserID": "S-1-5-18", "Hostname": "SCRANTON.dmevals.local", "ExecutionProcessID": 604, "ProviderGuid": "{206F6DEA-D3C5-4D10-BC72-989F03C8B84B}"}
{"EventTime": "2020-05-01 23:19:10", "port": 60737, "Message": "Remote calls to the SAM database are being restricted using the default security descriptor: O:SYG:SYD:(A;;RC;;;BA).\r\nFor more information please see http://go.microsoft.com/fwlink/?LinkId=787651.", "Opcode": "Info", "EventID": 16962, "SourceModuleName": "eventlog", "tags": ["mordorDataset"], "@version": "1", "SourceName": "Microsoft-Windows-Directory-Services-SAM", "AccountType": "User", "host": "wec.internal.cloudapp.net", "Task": 0, "ThreadID": 752, "EventReceivedTime": "2020-05-01 23:19:24", "Domain": "NT AUTHORITY", "ActivityID": "{BCCD0404-4290-0001-60ED-CE673020D601}", "Keywords": -9223372036854775808, "RecordNumber": 593, "SourceModuleType": "im_msvistalog", "Default SD String:": "O:SYG:SYD:(A;;RC;;;BA)", "@timestamp": "2020-05-02T03:19:24.829Z", "SeverityValue": 2, "Version": 0, "OpcodeValue": 0, "Severity": "INFO", "Channel": "System", "AccountName": "SYSTEM", "EventType": "INFO", "UserID": "S-1-5-18", "Hostname": "SCRANTON.dmevals.local", "ExecutionProcessID": 748, "ProviderGuid": "{0D4FDC09-8C27-494A-BDA0-505E4FD8ADAE}"}
{"EventTime": "2020-05-01 23:19:11", "port": 60737, "Message": "DHCPv4 client service is started", "Opcode": "ServiceStart", "EventID": 50036, "SourceModuleName": "eventlog", "tags": ["mordorDataset"], "@version": "1", "SourceName": "Microsoft-Windows-Dhcp-Client", "AccountType": "Well Known Group", "host": "wec.internal.cloudapp.net", "Task": 4, "ThreadID": 1456, "EventReceivedTime": "2020-05-01 23:19:24", "Domain": "NT AUTHORITY", "Category": "Service State Event", "Keywords": 2305843009213693952, "RecordNumber": 594, "SourceModuleType": "im_msvistalog", "@timestamp": "2020-05-02T03:19:24.830Z", "SeverityValue": 2, "Version": 0, "OpcodeValue": 68, "Severity": "INFO", "Channel": "System", "AccountName": "LOCAL SERVICE", "EventType": "INFO", "UserID": "S-1-5-19", "Hostname": "SCRANTON.dmevals.local", "ExecutionProcessID": 1372, "ProviderGuid": "{15A7A4F8-0072-4EAB-ABAD-F98A4D666AED}"}
{"EventTime": "2020-05-01 23:19:11", "port": 60737, "Message": "DHCPv4 client registered for shutdown notification", "Opcode": "ServiceShutdown", "EventID": 50103, "SourceModuleName": "eventlog", "tags": ["mordorDataset"], "@version": "1", "SourceName": "Microsoft-Windows-Dhcp-Client", "AccountType": "Well Known Group", "host": "wec.internal.cloudapp.net", "Task": 4, "ThreadID": 1456, "EventReceivedTime": "2020-05-01 23:19:24", "Domain": "NT AUTHORITY", "Category": "Service State Event", "Keywords": 2305843009213693952, "RecordNumber": 595, "SourceModuleType": "im_msvistalog", "@timestamp": "2020-05-02T03:19:24.833Z", "SeverityValue": 2, "Version": 0, "OpcodeValue": 129, "Severity": "INFO", "Channel": "System", "AccountName": "LOCAL SERVICE", "EventType": "INFO", "UserID": "S-1-5-19", "Hostname": "SCRANTON.dmevals.local", "ExecutionProcessID": 1372, "ProviderGuid": "{15A7A4F8-0072-4EAB-ABAD-F98A4D666AED}"}
{"EventTime": "2020-05-01 23:19:11", "port": 60737, "Message": "DHCPv6 client service is started", "Opcode": "ServiceStart", "EventID": 51046, "SourceModuleName": "eventlog", "tags": ["mordorDataset"], "@version": "1", "SourceName": "Microsoft-Windows-DHCPv6-Client", "AccountType": "Well Known Group", "host": "wec.internal.cloudapp.net", "Task": 4, "ThreadID": 1588, "EventReceivedTime": "2020-05-01 23:19:24", "Domain": "NT AUTHORITY", "Category": "Service State Event", "Keywords": 2305843009213693952, "RecordNumber": 596, "SourceModuleType": "im_msvistalog", "@timestamp": "2020-05-02T03:19:24.836Z", "SeverityValue": 2, "Version": 0, "OpcodeValue": 62, "Severity": "INFO", "Channel": "System", "AccountName": "LOCAL SERVICE", "EventType": "INFO", "UserID": "S-1-5-19", "Hostname": "SCRANTON.dmevals.local", "ExecutionProcessID": 1372, "ProviderGuid": "{6A1F2B00-6A90-4C38-95A5-5CAB3B056778}"}
{"EventTime": "2020-05-01 23:19:11", "port": 60737, "Message": "File System Filter 'wcifs' (10.0, \u200e2011\u200e-\u200e08\u200e-\u200e25T18:27:29.000000000Z) has successfully loaded and registered with Filter Manager.", "Opcode": "Info", "EventID": 6, "SourceModuleName": "eventlog", "tags": ["mordorDataset"], "@version": "1", "SourceName": "Microsoft-Windows-FilterManager", "AccountType": "User", "host": "wec.internal.cloudapp.net", "Task": 0, "ThreadID": 384, "EventReceivedTime": "2020-05-01 23:19:24", "DeviceName": "wcifs", "Domain": "NT AUTHORITY", "DeviceNameLength": "5", "DeviceTime": "2011-08-25T18:27:29.000000000Z", "Keywords": -9223372036854775808, "RecordNumber": 597, "SourceModuleType": "im_msvistalog", "@timestamp": "2020-05-02T03:19:24.837Z", "SeverityValue": 2, "Version": 0, "OpcodeValue": 0, "Severity": "INFO", "Channel": "System", "AccountName": "SYSTEM", "DeviceVersionMajor": "10", "DeviceVersionMinor": "0", "EventType": "INFO", "UserID": "S-1-5-18", "Hostname": "SCRANTON.dmevals.local", "FinalStatus": "0x0", "ExecutionProcessID": 4, "ProviderGuid": "{F3C5E28E-63F6-49C7-A204-E48A1BC4B09D}"}
{"EventTime": "2020-05-01 23:19:11", "port": 60737, "Message": "File System Filter 'luafv' (10.0, \u200e1974\u200e-\u200e08\u200e-\u200e09T09:33:30.000000000Z) has successfully loaded and registered with Filter Manager.", "Opcode": "Info", "EventID": 6, "SourceModuleName": "eventlog", "tags": ["mordorDataset"], "@version": "1", "SourceName": "Microsoft-Windows-FilterManager", "AccountType": "User", "host": "wec.internal.cloudapp.net", "Task": 0, "ThreadID": 32, "EventReceivedTime": "2020-05-01 23:19:24", "DeviceName": "luafv", "Domain": "NT AUTHORITY", "DeviceNameLength": "5", "DeviceTime": "1974-08-09T09:33:30.000000000Z", "Keywords": -9223372036854775808, "RecordNumber": 598, "SourceModuleType": "im_msvistalog", "@timestamp": "2020-05-02T03:19:24.837Z", "SeverityValue": 2, "Version": 0, "OpcodeValue": 0, "Severity": "INFO", "Channel": "System", "AccountName": "SYSTEM", "DeviceVersionMajor": "10", "DeviceVersionMinor": "0", "EventType": "INFO", "UserID": "S-1-5-18", "Hostname": "SCRANTON.dmevals.local", "FinalStatus": "0x0", "ExecutionProcessID": 4, "ProviderGuid": "{F3C5E28E-63F6-49C7-A204-E48A1BC4B09D}"}
{"EventTime": "2020-05-01 23:19:11", "port": 60737, "Message": "File System Filter 'CldFlt' (10.0, \u200e2099\u200e-\u200e01\u200e-\u200e26T00:52:06.000000000Z) has successfully loaded and registered with Filter Manager.", "Opcode": "Info", "EventID": 6, "SourceModuleName": "eventlog", "tags": ["mordorDataset"], "@version": "1", "SourceName": "Microsoft-Windows-FilterManager", "AccountType": "User", "host": "wec.internal.cloudapp.net", "Task": 0, "ThreadID": 108, "EventReceivedTime": "2020-05-01 23:19:24", "DeviceName": "CldFlt", "Domain": "NT AUTHORITY", "DeviceNameLength": "6", "DeviceTime": "2099-01-26T00:52:06.000000000Z", "Keywords": -9223372036854775808, "RecordNumber": 599, "SourceModuleType": "im_msvistalog", "@timestamp": "2020-05-02T03:19:24.838Z", "SeverityValue": 2, "Version": 0, "OpcodeValue": 0, "Severity": "INFO", "Channel": "System", "AccountName": "SYSTEM", "DeviceVersionMajor": "10", "DeviceVersionMinor": "0", "EventType": "INFO", "UserID": "S-1-5-18", "Hostname": "SCRANTON.dmevals.local", "FinalStatus": "0x0", "ExecutionProcessID": 4, "ProviderGuid": "{F3C5E28E-63F6-49C7-A204-E48A1BC4B09D}"}
{"EventTime": "2020-05-01 23:19:11", "port": 60737, "Message": "File System Filter 'CldFlt' (Version 10.0, \u200e2099\u200e-\u200e01\u200e-\u200e26T00:52:06.000000000Z) unloaded successfully.", "Opcode": "Info", "EventID": 1, "SourceModuleName": "eventlog", "tags": ["mordorDataset"], "@version": "1", "SourceName": "Microsoft-Windows-FilterManager", "AccountType": "User", "host": "wec.internal.cloudapp.net", "Task": 0, "ThreadID": 108, "EventReceivedTime": "2020-05-01 23:19:24", "DeviceName": "CldFlt", "Domain": "NT AUTHORITY", "DeviceNameLength": "6", "DeviceTime": "2099-01-26T00:52:06.000000000Z", "Keywords": -9223372036854775808, "RecordNumber": 600, "SourceModuleType": "im_msvistalog", "@timestamp": "2020-05-02T03:19:24.839Z", "SeverityValue": 2, "Version": 0, "OpcodeValue": 0, "Severity": "INFO", "Channel": "System", "AccountName": "SYSTEM", "DeviceVersionMajor": "10", "DeviceVersionMinor": "0", "EventType": "INFO", "UserID": "S-1-5-18", "Hostname": "SCRANTON.dmevals.local", "FinalStatus": "0x0", "ExecutionProcessID": 4, "ProviderGuid": "{F3C5E28E-63F6-49C7-A204-E48A1BC4B09D}"}
{"EventTime": "2020-05-01 23:19:11", "port": 60737, "Message": "File System Filter 'CldFlt' (10.0, \u200e2099\u200e-\u200e01\u200e-\u200e26T00:52:06.000000000Z) has successfully loaded and registered with Filter Manager.", "Opcode": "Info", "EventID": 6, "SourceModuleName": "eventlog", "tags": ["mordorDataset"], "@version": "1", "SourceName": "Microsoft-Windows-FilterManager", "AccountType": "User", "host": "wec.internal.cloudapp.net", "Task": 0, "ThreadID": 108, "EventReceivedTime": "2020-05-01 23:19:24", "DeviceName": "CldFlt", "Domain": "NT AUTHORITY", "DeviceNameLength": "6", "DeviceTime": "2099-01-26T00:52:06.000000000Z", "Keywords": -9223372036854775808, "RecordNumber": 601, "SourceModuleType": "im_msvistalog", "@timestamp": "2020-05-02T03:19:24.840Z", "SeverityValue": 2, "Version": 0, "OpcodeValue": 0, "Severity": "INFO", "Channel": "System", "AccountName": "SYSTEM", "DeviceVersionMajor": "10", "DeviceVersionMinor": "0", "EventType": "INFO", "UserID": "S-1-5-18", "Hostname": "SCRANTON.dmevals.local", "FinalStatus": "0x0", "ExecutionProcessID": 4, "ProviderGuid": "{F3C5E28E-63F6-49C7-A204-E48A1BC4B09D}"}
{"EventTime": "2020-05-01 23:19:11", "port": 60737, "Message": "File System Filter 'storqosflt' (10.0, \u200e2084\u200e-\u200e07\u200e-\u200e24T01:29:44.000000000Z) has successfully loaded and registered with Filter Manager.", "Opcode": "Info", "EventID": 6, "SourceModuleName": "eventlog", "tags": ["mordorDataset"], "@version": "1", "SourceName": "Microsoft-Windows-FilterManager", "AccountType": "User", "host": "wec.internal.cloudapp.net", "Task": 0, "ThreadID": 188, "EventReceivedTime": "2020-05-01 23:19:24", "DeviceName": "storqosflt", "Domain": "NT AUTHORITY", "DeviceNameLength": "10", "DeviceTime": "2084-07-24T01:29:44.000000000Z", "Keywords": -9223372036854775808, "RecordNumber": 602, "SourceModuleType": "im_msvistalog", "@timestamp": "2020-05-02T03:19:24.840Z", "SeverityValue": 2, "Version": 0, "OpcodeValue": 0, "Severity": "INFO", "Channel": "System", "AccountName": "SYSTEM", "DeviceVersionMajor": "10", "DeviceVersionMinor": "0", "EventType": "INFO", "UserID": "S-1-5-18", "Hostname": "SCRANTON.dmevals.local", "FinalStatus": "0x0", "ExecutionProcessID": 4, "ProviderGuid": "{F3C5E28E-63F6-49C7-A204-E48A1BC4B09D}"}
{"EventTime": "2020-05-01 23:19:15", "port": 60737, "Message": "The WinRM service is listening for WS-Management requests. \r\n\r\n User Action \r\n Use the following command to see the specific IPs on which WinRM is listening: \r\n\r\n winrm enumerate winrm/config/listener", "Opcode": "Info", "EventID": 10148, "SourceModuleName": "eventlog", "tags": ["mordorDataset"], "@version": "1", "SourceName": "Microsoft-Windows-WinRM", "host": "wec.internal.cloudapp.net", "Task": 0, "ThreadID": 0, "EventReceivedTime": "2020-05-01 23:19:24", "Keywords": 36028797018963968, "RecordNumber": 603, "SourceModuleType": "im_msvistalog", "@timestamp": "2020-05-02T03:19:24.843Z", "SeverityValue": 2, "Version": 0, "OpcodeValue": 0, "Severity": "INFO", "Channel": "System", "EventType": "INFO", "Hostname": "SCRANTON.dmevals.local", "ExecutionProcessID": 0, "ProviderGuid": "{A7975C8F-AC13-49F1-87DA-5A984A4AB417}"}
{"EventTime": "2020-05-01 23:19:15", "port": 60737, "Message": "The following boot-start or system-start driver(s) did not load: \r\ndam", "param1": "\r\ndam", "EventID": 7026, "SourceModuleName": "eventlog", "tags": ["mordorDataset"], "@version": "1", "SourceName": "Service Control Manager", "host": "wec.internal.cloudapp.net", "Task": 0, "ThreadID": 740, "EventReceivedTime": "2020-05-01 23:19:24", "Keywords": -9187343239835811840, "RecordNumber": 604, "SourceModuleType": "im_msvistalog", "@timestamp": "2020-05-02T03:19:24.845Z", "SeverityValue": 2, "Version": 0, "OpcodeValue": 0, "Severity": "INFO", "Channel": "System", "EventType": "INFO", "Hostname": "SCRANTON.dmevals.local", "ExecutionProcessID": 736, "ProviderGuid": "{555908D1-A6D7-4695-8E1E-26931D2012F4}"}
{"EventTime": "2020-05-01 23:19:16", "port": 60737, "Message": "The time provider NtpClient is currently receiving valid time data from NEWYORK.dmevals.local (ntp.d|0.0.0.0:123->10.0.0.4:123).", "Opcode": "Info", "EventID": 37, "SourceModuleName": "eventlog", "tags": ["mordorDataset"], "@version": "1", "SourceName": "Microsoft-Windows-Time-Service", "AccountType": "Well Known Group", "host": "wec.internal.cloudapp.net", "Task": 0, "ThreadID": 3788, "EventReceivedTime": "2020-05-01 23:19:24", "Domain": "NT AUTHORITY", "TimeSource": "NEWYORK.dmevals.local (ntp.d|0.0.0.0:123-&gt;10.0.0.4:123)", "Keywords": -9223372036854775808, "RecordNumber": 605, "SourceModuleType": "im_msvistalog", "@timestamp": "2020-05-02T03:19:24.864Z", "SeverityValue": 2, "Version": 0, "OpcodeValue": 0, "Severity": "INFO", "Channel": "System", "AccountName": "LOCAL SERVICE", "EventType": "INFO", "UserID": "S-1-5-19", "Hostname": "SCRANTON.dmevals.local", "ExecutionProcessID": 3436, "ProviderGuid": "{06EDCFEB-0FD0-4E53-ACCA-A6F8BBF81BCB}"}
{"EventTime": "2020-05-01 23:19:20", "port": 60737, "Message": "The system failed to register pointer (PTR) resource records (RRs) for network adapter\r\nwith settings:\r\n\r\n           Adapter Name : {3F54D943-1568-43BC-9FDA-67DA9CE27752}\r\n           Host Name : SCRANTON\r\n           Adapter-specific Domain Suffix : dmevals.local\r\n           DNS server list :\r\n             \t10.0.0.4\r\n           Sent update to server : 192.175.48.1:53\r\n           IP Address :\r\n             10.0.1.4\r\n\r\nThe reason that the system could not register these RRs was because of a security related problem. The cause of this could be (a) your computer does not have permissions to register and update the specific DNS domain name set for this adapter, or (b) there might have been a problem negotiating valid credentials with the DNS server during the processing of the update request.\r\n\r\nYou can manually retry DNS registration of the network adapter and its settings by typing 'ipconfig /registerdns' at the command prompt. If problems still persist, contact your DNS server or network systems administrator.", "Opcode": "Info", "EventID": 8013, "DnsServerList": "\t10.0.0.4", "SourceModuleName": "eventlog", "tags": ["mordorDataset"], "@version": "1", "ErrorCode": "9017", "SourceName": "Microsoft-Windows-DNS-Client", "AccountType": "Well Known Group", "host": "wec.internal.cloudapp.net", "Task": 1028, "ThreadID": 4008, "EventReceivedTime": "2020-05-01 23:19:24", "Domain": "NT AUTHORITY", "Sent UpdateServer": "192.175.48.1:53", "AdapterName": "{3F54D943-1568-43BC-9FDA-67DA9CE27752}", "Keywords": 4611686018427387904, "RecordNumber": 606, "SourceModuleType": "im_msvistalog", "@timestamp": "2020-05-02T03:19:24.865Z", "SeverityValue": 2, "Version": 0, "OpcodeValue": 0, "Severity": "INFO", "Channel": "System", "AccountName": "NETWORK SERVICE", "AdapterSuffixName": "dmevals.local", "EventType": "INFO", "UserID": "S-1-5-20", "Ipaddress": "10.0.1.4", "Hostname": "SCRANTON.dmevals.local", "ExecutionProcessID": 1460, "ProviderGuid": "{1C95126E-7EEA-49A9-A3FE-A378B03DDB4D}"}
{"EventTime": "2020-05-01 23:19:22", "port": 60737, "Message": "The start type of the Microsoft NDIS Capture service was changed from demand start to system start.", "param1": "Microsoft NDIS Capture", "EventID": 7040, "SourceModuleName": "eventlog", "tags": ["mordorDataset"], "@version": "1", "SourceName": "Service Control Manager", "AccountType": "User", "host": "wec.internal.cloudapp.net", "Task": 0, "ThreadID": 4068, "EventReceivedTime": "2020-05-01 23:19:24", "param2": "demand start", "Domain": "NT AUTHORITY", "Keywords": -9187343239835811840, "RecordNumber": 607, "SourceModuleType": "im_msvistalog", "@timestamp": "2020-05-02T03:19:24.870Z", "SeverityValue": 2, "Version": 0, "OpcodeValue": 0, "Severity": "INFO", "Channel": "System", "AccountName": "SYSTEM", "param3": "system start", "EventType": "INFO", "UserID": "S-1-5-18", "param4": "NdisCap", "Hostname": "SCRANTON.dmevals.local", "ExecutionProcessID": 736, "ProviderGuid": "{555908D1-A6D7-4695-8E1E-26931D2012F4}"}
{"EventTime": "2020-05-01 23:19:23", "port": 60737, "Message": "Miniport NIC 'Microsoft Hyper-V Network Adapter' paused", "Opcode": "Info", "EventID": 10, "SourceModuleName": "eventlog", "tags": ["mordorDataset"], "@version": "1", "MiniportNameLen": "33", "MiniportName": "Microsoft Hyper-V Network Adapter", "SourceName": "Microsoft-Windows-Hyper-V-Netvsc", "AccountType": "User", "host": "wec.internal.cloudapp.net", "Task": 1003, "ThreadID": 5000, "EventReceivedTime": "2020-05-01 23:19:24", "Domain": "NT AUTHORITY", "Keywords": -9223372036854775808, "RecordNumber": 608, "SourceModuleType": "im_msvistalog", "@timestamp": "2020-05-02T03:19:24.871Z", "SeverityValue": 2, "Version": 0, "OpcodeValue": 0, "Severity": "INFO", "Channel": "System", "AccountName": "SYSTEM", "EventType": "INFO", "UserID": "S-1-5-18", "Hostname": "SCRANTON.dmevals.local", "ExecutionProcessID": 4936, "ProviderGuid": "{152FBE4B-C7AD-4F68-BADA-A4FCC1464F6C}"}
{"EventTime": "2020-05-01 23:19:23", "port": 60737, "Message": "Miniport NIC 'Microsoft Hyper-V Network Adapter' restarted", "Opcode": "Info", "EventID": 11, "SourceModuleName": "eventlog", "tags": ["mordorDataset"], "@version": "1", "MiniportNameLen": "33", "MiniportName": "Microsoft Hyper-V Network Adapter", "SourceName": "Microsoft-Windows-Hyper-V-Netvsc", "AccountType": "User", "host": "wec.internal.cloudapp.net", "Task": 1003, "ThreadID": 5000, "EventReceivedTime": "2020-05-01 23:19:24", "Domain": "NT AUTHORITY", "Keywords": -9223372036854775808, "RecordNumber": 609, "SourceModuleType": "im_msvistalog", "@timestamp": "2020-05-02T03:19:24.872Z", "SeverityValue": 2, "Version": 0, "OpcodeValue": 0, "Severity": "INFO", "Channel": "System", "AccountName": "SYSTEM", "EventType": "INFO", "UserID": "S-1-5-18", "Hostname": "SCRANTON.dmevals.local", "ExecutionProcessID": 4936, "ProviderGuid": "{152FBE4B-C7AD-4F68-BADA-A4FCC1464F6C}"}
{"EventTime": "2020-05-01 23:19:26", "port": 60737, "Message": "Miniport NIC 'Microsoft Hyper-V Network Adapter' paused", "Opcode": "Info", "EventID": 10, "SourceModuleName": "eventlog", "tags": ["mordorDataset"], "@version": "1", "MiniportNameLen": "33", "MiniportName": "Microsoft Hyper-V Network Adapter", "SourceName": "Microsoft-Windows-Hyper-V-Netvsc", "AccountType": "User", "host": "wec.internal.cloudapp.net", "Task": 1003, "ThreadID": 5000, "EventReceivedTime": "2020-05-01 23:19:27", "Domain": "NT AUTHORITY", "Keywords": -9223372036854775808, "RecordNumber": 610, "SourceModuleType": "im_msvistalog", "@timestamp": "2020-05-02T03:19:27.107Z", "SeverityValue": 2, "Version": 0, "OpcodeValue": 0, "Severity": "INFO", "Channel": "System", "AccountName": "SYSTEM", "EventType": "INFO", "UserID": "S-1-5-18", "Hostname": "SCRANTON.dmevals.local", "ExecutionProcessID": 4936, "ProviderGuid": "{152FBE4B-C7AD-4F68-BADA-A4FCC1464F6C}"}
{"EventTime": "2020-05-01 23:19:26", "port": 60737, "Message": "Miniport NIC 'Microsoft Hyper-V Network Adapter' restarted", "Opcode": "Info", "EventID": 11, "SourceModuleName": "eventlog", "tags": ["mordorDataset"], "@version": "1", "MiniportNameLen": "33", "MiniportName": "Microsoft Hyper-V Network Adapter", "SourceName": "Microsoft-Windows-Hyper-V-Netvsc", "AccountType": "User", "host": "wec.internal.cloudapp.net", "Task": 1003, "ThreadID": 5000, "EventReceivedTime": "2020-05-01 23:19:27", "Domain": "NT AUTHORITY", "Keywords": -9223372036854775808, "RecordNumber": 611, "SourceModuleType": "im_msvistalog", "@timestamp": "2020-05-02T03:19:27.110Z", "SeverityValue": 2, "Version": 0, "OpcodeValue": 0, "Severity": "INFO", "Channel": "System", "AccountName": "SYSTEM", "EventType": "INFO", "UserID": "S-1-5-18", "Hostname": "SCRANTON.dmevals.local", "ExecutionProcessID": 4936, "ProviderGuid": "{152FBE4B-C7AD-4F68-BADA-A4FCC1464F6C}"}
{"EventTime": "2020-05-01 23:19:26", "port": 60737, "Message": "The start type of the Microsoft NDIS Capture service was changed from system start to demand start.", "param1": "Microsoft NDIS Capture", "EventID": 7040, "SourceModuleName": "eventlog", "tags": ["mordorDataset"], "@version": "1", "SourceName": "Service Control Manager", "AccountType": "User", "host": "wec.internal.cloudapp.net", "Task": 0, "ThreadID": 4068, "EventReceivedTime": "2020-05-01 23:19:27", "param2": "system start", "Domain": "NT AUTHORITY", "Keywords": -9187343239835811840, "RecordNumber": 612, "SourceModuleType": "im_msvistalog", "@timestamp": "2020-05-02T03:19:27.110Z", "SeverityValue": 2, "Version": 0, "OpcodeValue": 0, "Severity": "INFO", "Channel": "System", "AccountName": "SYSTEM", "param3": "demand start", "EventType": "INFO", "UserID": "S-1-5-18", "param4": "NdisCap", "Hostname": "SCRANTON.dmevals.local", "ExecutionProcessID": 736, "ProviderGuid": "{555908D1-A6D7-4695-8E1E-26931D2012F4}"}
{"EventTime": "2020-05-01 23:19:31", "port": 60737, "Message": "The time service is now synchronizing the system time with the time source VM IC Time Synchronization Provider with reference id 1347702102. Current local stratum number is 4.", "Opcode": "Info", "EventID": 35, "TimeSourceRefId": "1347702102", "SourceModuleName": "eventlog", "tags": ["mordorDataset"], "@version": "1", "SourceName": "Microsoft-Windows-Time-Service", "AccountType": "Well Known Group", "host": "wec.internal.cloudapp.net", "Task": 0, "ThreadID": 3888, "EventReceivedTime": "2020-05-01 23:19:31", "Domain": "NT AUTHORITY", "TimeSource": "VM IC Time Synchronization Provider", "CurrentStratumNumber": "4", "Keywords": -9223372036854775808, "RecordNumber": 613, "SourceModuleType": "im_msvistalog", "@timestamp": "2020-05-02T03:19:31.422Z", "SeverityValue": 2, "Version": 0, "OpcodeValue": 0, "Severity": "INFO", "Channel": "System", "AccountName": "LOCAL SERVICE", "EventType": "INFO", "UserID": "S-1-5-19", "Hostname": "SCRANTON.dmevals.local", "ExecutionProcessID": 3436, "ProviderGuid": "{06EDCFEB-0FD0-4E53-ACCA-A6F8BBF81BCB}"}
{"EventTime": "2020-05-01 23:19:49", "port": 60737, "Message": "The start type of the Background Intelligent Transfer Service service was changed from demand start to auto start.", "param1": "Background Intelligent Transfer Service", "EventID": 7040, "SourceModuleName": "eventlog", "tags": ["mordorDataset"], "@version": "1", "SourceName": "Service Control Manager", "AccountType": "User", "host": "wec.internal.cloudapp.net", "Task": 0, "ThreadID": 4396, "EventReceivedTime": "2020-05-01 23:19:52", "param2": "demand start", "Domain": "NT AUTHORITY", "Keywords": -9187343239835811840, "RecordNumber": 614, "SourceModuleType": "im_msvistalog", "@timestamp": "2020-05-02T03:20:00.678Z", "SeverityValue": 2, "Version": 0, "OpcodeValue": 0, "Severity": "INFO", "Channel": "System", "AccountName": "SYSTEM", "param3": "auto start", "EventType": "INFO", "UserID": "S-1-5-18", "param4": "BITS", "Hostname": "SCRANTON.dmevals.local", "ExecutionProcessID": 736, "ProviderGuid": "{555908D1-A6D7-4695-8E1E-26931D2012F4}"}
{"EventTime": "2020-05-01 23:20:41", "port": 60737, "Message": "Microsoft Windows Server has detected that NTLM authentication is presently being used between clients and this server. This event occurs once per boot of the server on the first time a client uses NTLM with this server.\r\n \r\nNTLM is a weaker authentication mechanism. Please check:\r\n \r\n      Which applications are using NTLM authentication?\r\n      Are there configuration issues preventing the use of stronger authentication such as Kerberos authentication?\r\n      If NTLM must be supported, is Extended Protection configured?\r\n \r\nDetails on how to complete these checks can be found at http://go.microsoft.com/fwlink/?LinkId=225699.", "Opcode": "Info", "EventID": 6038, "SourceModuleName": "eventlog", "tags": ["mordorDataset"], "@version": "1", "SourceName": "LsaSrv", "host": "wec.internal.cloudapp.net", "Task": 0, "ThreadID": 0, "EventReceivedTime": "2020-05-01 23:20:41", "Keywords": 36028797018963968, "RecordNumber": 615, "SourceModuleType": "im_msvistalog", "@timestamp": "2020-05-02T03:20:47.248Z", "SeverityValue": 3, "Version": 0, "OpcodeValue": 0, "Severity": "WARNING", "Channel": "System", "EventType": "WARNING", "Hostname": "SCRANTON.dmevals.local", "ExecutionProcessID": 0, "ProviderGuid": "{199FE037-2B82-40A9-82AC-E1D46C792B99}"}
{"EventTime": "2020-05-01 23:20:46", "port": 60737, "Message": "User Logon Notification for Customer Experience Improvement Program", "Opcode": "Info", "EventID": 7001, "UserSid": "S-1-5-21-1830255721-3727074217-2423397540-1107", "SourceModuleName": "eventlog", "tags": ["mordorDataset"], "@version": "1", "SourceName": "Microsoft-Windows-Winlogon", "AccountType": "User", "host": "wec.internal.cloudapp.net", "Task": 1101, "ThreadID": 5560, "EventReceivedTime": "2020-05-01 23:20:47", "Domain": "NT AUTHORITY", "Keywords": 2305878193585782784, "RecordNumber": 616, "SourceModuleType": "im_msvistalog", "@timestamp": "2020-05-02T03:20:47.897Z", "SeverityValue": 2, "Version": 0, "OpcodeValue": 0, "Severity": "INFO", "Channel": "System", "AccountName": "SYSTEM", "TSId": "2", "EventType": "INFO", "UserID": "S-1-5-18", "Hostname": "SCRANTON.dmevals.local", "ExecutionProcessID": 5340, "ProviderGuid": "{DBE9B383-7CF3-4331-91CC-A3CB16A3B538}"}
{"EventTime": "2020-05-01 23:21:16", "port": 60737, "Message": "The application-specific permission settings do not grant Local Launch permission for the COM Server application with CLSID \r\nWindows.SecurityCenter.WscDataProtection\r\n and APPID \r\nUnavailable\r\n to the user NT AUTHORITY\\SYSTEM SID (S-1-5-18) from address LocalHost (Using LRPC) running in the application container Unavailable SID (Unavailable). This security permission can be modified using the Component Services administrative tool.", "Opcode": "Info", "EventID": 10016, "param1": "application-specific", "param10": "Unavailable", "SourceModuleName": "eventlog", "@version": "1", "tags": ["mordorDataset"], "param6": "NT AUTHORITY", "SourceName": "Microsoft-Windows-DistributedCOM", "AccountType": "User", "host": "wec.internal.cloudapp.net", "Task": 0, "ThreadID": 1348, "EventReceivedTime": "2020-05-01 23:21:17", "param2": "Local", "Domain": "NT AUTHORITY", "ActivityID": "{0B87FD09-B81F-45BC-863B-F0B03456A0FB}", "Keywords": -9187343239835811840, "RecordNumber": 617, "param8": "S-1-5-18", "param9": "LocalHost (Using LRPC)", "param7": "SYSTEM", "@timestamp": "2020-05-02T03:21:17.520Z", "SourceModuleType": "im_msvistalog", "SeverityValue": 3, "Version": 0, "OpcodeValue": 0, "Severity": "WARNING", "Channel": "System", "AccountName": "SYSTEM", "param5": "Unavailable", "param11": "Unavailable", "param3": "Launch", "EventType": "WARNING", "UserID": "S-1-5-18", "param4": "Windows.SecurityCenter.WscDataProtection", "Hostname": "SCRANTON.dmevals.local", "ExecutionProcessID": 988, "ProviderGuid": "{1B562E86-B7AA-4131-BADC-B6F3A001407E}"}
{"EventTime": "2020-05-01 23:21:16", "port": 60737, "Message": "The application-specific permission settings do not grant Local Launch permission for the COM Server application with CLSID \r\nWindows.SecurityCenter.WscDataProtection\r\n and APPID \r\nUnavailable\r\n to the user NT AUTHORITY\\SYSTEM SID (S-1-5-18) from address LocalHost (Using LRPC) running in the application container Unavailable SID (Unavailable). This security permission can be modified using the Component Services administrative tool.", "Opcode": "Info", "EventID": 10016, "param1": "application-specific", "param10": "Unavailable", "SourceModuleName": "eventlog", "@version": "1", "tags": ["mordorDataset"], "param6": "NT AUTHORITY", "SourceName": "Microsoft-Windows-DistributedCOM", "AccountType": "User", "host": "wec.internal.cloudapp.net", "Task": 0, "ThreadID": 1012, "EventReceivedTime": "2020-05-01 23:21:17", "param2": "Local", "Domain": "NT AUTHORITY", "ActivityID": "{F99DCA13-39DD-4B62-A166-26353A080A0A}", "Keywords": -9187343239835811840, "RecordNumber": 618, "param8": "S-1-5-18", "param9": "LocalHost (Using LRPC)", "param7": "SYSTEM", "@timestamp": "2020-05-02T03:21:17.522Z", "SourceModuleType": "im_msvistalog", "SeverityValue": 3, "Version": 0, "OpcodeValue": 0, "Severity": "WARNING", "Channel": "System", "AccountName": "SYSTEM", "param5": "Unavailable", "param11": "Unavailable", "param3": "Launch", "EventType": "WARNING", "UserID": "S-1-5-18", "param4": "Windows.SecurityCenter.WscDataProtection", "Hostname": "SCRANTON.dmevals.local", "ExecutionProcessID": 988, "ProviderGuid": "{1B562E86-B7AA-4131-BADC-B6F3A001407E}"}
{"EventTime": "2020-05-01 23:22:41", "port": 60737, "Message": "The start type of the Background Intelligent Transfer Service service was changed from auto start to demand start.", "param1": "Background Intelligent Transfer Service", "EventID": 7040, "SourceModuleName": "eventlog", "tags": ["mordorDataset"], "@version": "1", "SourceName": "Service Control Manager", "AccountType": "User", "host": "wec.internal.cloudapp.net", "Task": 0, "ThreadID": 4516, "EventReceivedTime": "2020-05-01 23:22:42", "param2": "auto start", "Domain": "NT AUTHORITY", "Keywords": -9187343239835811840, "RecordNumber": 619, "SourceModuleType": "im_msvistalog", "@timestamp": "2020-05-02T03:22:42.868Z", "SeverityValue": 2, "Version": 0, "OpcodeValue": 0, "Severity": "INFO", "Channel": "System", "AccountName": "SYSTEM", "param3": "demand start", "EventType": "INFO", "UserID": "S-1-5-18", "param4": "BITS", "Hostname": "SCRANTON.dmevals.local", "ExecutionProcessID": 736, "ProviderGuid": "{555908D1-A6D7-4695-8E1E-26931D2012F4}"}
{"EventTime": "2020-05-01 23:23:08", "port": 60737, "Message": "The machine-default permission settings do not grant Local Activation permission for the COM Server application with CLSID \r\n{C2F03A33-21F5-47FA-B4BB-156362A2F239}\r\n and APPID \r\n{316CDED5-E4AE-4B15-9113-7055D84DCC97}\r\n to the user DMEVALS\\pbeesly SID (S-1-5-21-1830255721-3727074217-2423397540-1107) from address LocalHost (Using LRPC) running in the application container Microsoft.Windows.ShellExperienceHost_10.0.18362.449_neutral_neutral_cw5n1h2txyewy SID (S-1-15-2-155514346-2573954481-755741238-1654018636-1233331829-3075935687-2861478708). This security permission can be modified using the Component Services administrative tool.", "Opcode": "Info", "EventID": 10016, "param1": "machine-default", "param10": "Microsoft.Windows.ShellExperienceHost_10.0.18362.449_neutral_neutral_cw5n1h2txyewy", "SourceModuleName": "eventlog", "@version": "1", "tags": ["mordorDataset"], "param6": "DMEVALS", "SourceName": "Microsoft-Windows-DistributedCOM", "AccountType": "User", "host": "wec.internal.cloudapp.net", "Task": 0, "ThreadID": 1348, "EventReceivedTime": "2020-05-01 23:23:09", "param2": "Local", "Domain": "DMEVALS", "ActivityID": "{3D281A26-0E9C-4620-9454-6A7832901805}", "Keywords": -9187343239835811840, "RecordNumber": 620, "param8": "S-1-5-21-1830255721-3727074217-2423397540-1107", "param9": "LocalHost (Using LRPC)", "param7": "pbeesly", "@timestamp": "2020-05-02T03:23:09.508Z", "SourceModuleType": "im_msvistalog", "SeverityValue": 3, "Version": 0, "OpcodeValue": 0, "Severity": "WARNING", "Channel": "System", "AccountName": "pbeesly", "param5": "{316CDED5-E4AE-4B15-9113-7055D84DCC97}", "param11": "S-1-15-2-155514346-2573954481-755741238-1654018636-1233331829-3075935687-2861478708", "param3": "Activation", "EventType": "WARNING", "UserID": "S-1-5-21-1830255721-3727074217-2423397540-1107", "param4": "{C2F03A33-21F5-47FA-B4BB-156362A2F239}", "Hostname": "SCRANTON.dmevals.local", "ExecutionProcessID": 988, "ProviderGuid": "{1B562E86-B7AA-4131-BADC-B6F3A001407E}"}